Date,VOOV,EZU,IWM,SMH,IBB,XLU,VOOG,SPY,QQQ
2/11/15,89.86,37.22,119.45,55.28,105.75,46.08,101.52,206.93,104.78
2/12/15,90.75,38.2,120.81,56.06,106.81,45.87,102.6,208.92,106
2/13/15,91.08,38.29,121.53,56.39,107.82,45.17,103.12,209.78,106.91
2/17/15,91.13,38.34,121.91,56.63,108.94,45.13,103.24,210.11,107.01
2/18/15,91.01,38.44,122.04,56.44,109.81,46.2,103.44,210.13,107.16
2/19/15,90.75,38.4,122.05,56.47,110.66,45.68,103.64,209.98,107.69
2/20/15,91.2,39.01,122.38,56.73,112.14,45.69,104.31,211.24,108.41
2/23/15,90.8,38.76,122.5,56.32,112.67,46,104.46,211.21,108.52
2/24/15,91.54,39.12,122.66,57.48,111.72,46.34,104.55,211.81,108.6
2/25/15,91.33,39.03,122.8,57.09,113.15,45.58,104.53,211.63,108.33
2/26/15,91.06,38.81,123.25,57.3,113.6,45.28,104.63,211.38,108.88
2/27/15,90.84,38.96,122.58,56.97,112.49,45.23,104.21,210.66,108.4
3/2/15,91.11,39.07,123.47,58.47,113.25,44.36,105.15,211.99,109.38
3/3/15,90.9,38.67,122.74,57.51,112.64,44.63,104.5,211.12,108.87
3/4/15,90.44,38.48,122.36,57.42,113.36,44.38,104.22,210.23,108.45
3/5/15,90.54,38.66,122.72,57.4,115.89,44.73,104.36,210.46,108.64
3/6/15,89.31,38,121.17,56.68,114.12,43.39,102.67,207.5,107.41
3/9/15,89.7,38.13,121.7,56.48,114.29,43.47,103.36,208.36,107.72
3/10/15,88.26,37.22,120.3,55.33,113.81,43.39,101.57,204.98,105.72
3/11/15,88.15,37.49,121.04,55.74,114.18,43.11,101.32,204.5,105.11
3/12/15,89.35,37.81,123.05,55.43,114.94,43.93,102.48,207.1,105.8
3/13/15,88.84,37.56,122.61,55.89,115.11,43.48,101.96,205.83,105.34
3/16/15,89.8,38.21,123.33,56.63,117.99,44.23,103.27,208.58,106.7
3/17/15,89.54,37.97,123.66,56.25,118.75,44.16,103.07,207.96,106.87
3/18/15,90.54,38.64,124.65,56.77,119.38,45.35,104.19,210.46,107.92
3/19/15,89.86,38,124.89,56.84,121.75,44.93,104.21,209.5,108.08
3/20/15,90.72,39.08,125.99,57.74,122.17,44.98,105.07,210.41,108.53
3/23/15,90.24,39.27,125.88,57.23,119.43,45.01,104.5,210,108.32
3/24/15,89.54,39.43,125.85,56.71,118.65,44.51,103.91,208.82,107.93
3/25/15,88.66,39.16,122.47,54.06,113.77,43.99,101.87,205.76,105.46
3/26/15,88.42,38.79,122.32,53.67,113.6,43.62,101.74,205.27,105.1
3/27/15,88.45,39.01,123.1,55.39,115.82,43.88,102.03,205.74,105.52
3/30/15,89.73,39.17,124.77,55.86,117.11,44.42,103.1,208.25,106.73
3/31/15,89.14,38.58,124.37,55.3,114.48,44.43,102.12,206.43,105.6
4/1/15,88.72,38.95,124.42,54.76,113.36,44.47,101.52,205.7,105.05
4/2/15,89.17,39.39,124.65,54.91,113.23,44.55,102.03,206.44,105.12
4/6/15,89.85,39.76,125.2,55.05,112.95,45.17,102.52,207.83,105.98
4/7/15,89.69,39.53,124.4,55.08,113.97,44.65,102.32,207.28,105.8
4/8/15,89.64,39.43,125.47,55.35,117.34,44.52,102.83,207.98,106.64
4/9/15,90.18,39.41,125.02,55.9,117.69,44.33,103.3,208.9,107.31
4/10/15,90.78,39.51,125.62,56.23,119.15,44.66,103.6,210.04,107.75
4/13/15,90.43,39.3,125.7,55.84,119.44,44.22,103.2,209.09,107.48
4/14/15,90.62,39.54,125.67,55.33,119.07,44.44,103.17,209.49,107.17
4/15/15,91.26,39.62,126.55,56.36,120.31,44.55,103.58,210.43,107.84
4/16/15,91.23,39.53,126.48,56.11,120.5,44.26,103.57,210.37,107.69
4/17/15,90.11,38.85,124.43,55.39,118.82,44.1,102.34,207.95,106.01
4/20/15,90.78,38.92,125.65,55.85,119.32,44.76,103.56,209.85,107.6
4/21/15,90.35,39.22,125.52,56.21,121.5,44.36,103.7,209.6,108.06
4/22/15,90.79,39.22,125.71,57.23,121.28,44.45,104.24,210.63,108.65
4/23/15,91.28,39.31,126.28,56.64,122.56,44.7,104.43,211.16,109.06
4/24/15,90.95,39.5,125.86,56.04,121.23,45.15,105.04,211.65,110.54
4/27/15,90.59,40.01,124.47,56.49,116.18,44.61,104.44,210.77,110.26
4/28/15,91.08,39.96,125.16,56.45,114.83,44.93,104.39,211.44,110.04
4/29/15,90.99,39.4,123.8,56.04,114.94,44.74,103.95,210.57,109.35
4/30/15,90.34,39.44,121.18,55.46,111.22,44.22,102.64,208.46,107.63
5/1/15,91.16,39.91,121.97,57.04,114.67,44.47,103.95,210.72,109.05
5/4/15,91.6,39.73,122.41,56.73,115.06,44.8,104.09,211.32,109.23
5/5/15,90.68,38.98,120.85,55.65,112.67,43.8,102.72,208.9,107.45
5/6/15,90.24,39.44,121.27,55.64,113.57,43.56,102.21,208.04,106.71
5/7/15,90.47,39.29,121.73,56.04,114.7,43.72,102.93,208.87,107.35
5/8/15,91.6,40.16,122.64,56.57,117.38,44.03,104.3,211.62,108.69
5/11/15,91.19,39.73,122.71,56.55,117.43,43.73,103.84,210.61,108.27
5/12/15,90.94,39.6,122.49,56.12,117.26,43.68,103.55,209.98,107.78
5/13/15,90.97,39.83,122.49,56.4,116.95,43.25,103.49,210.02,108
5/14/15,91.63,40.67,123.79,56.98,118.53,43.75,104.86,212.21,109.58
5/15/15,91.59,40.7,123.65,57.06,118.54,44.32,104.9,212.44,109.58
5/18/15,92,40.4,125.05,57.56,120.1,44.49,105.35,213.1,110.06
5/19/15,91.99,40.42,124.88,57.46,120.16,44.59,105.33,213.03,109.94
5/20/15,92.05,40.52,125.11,57.63,121.2,44.66,105.12,212.88,110.01
5/21/15,92.23,40.64,124.97,57.74,121.2,44.64,105.39,213.5,110.58
5/22/15,91.99,40.2,124.43,57.79,121.51,44.57,105.12,212.99,110.47
5/26/15,91.02,39.14,123.24,57.33,120.1,44.29,104.13,210.7,109.2
5/27/15,91.58,39.77,124.75,59.47,122.32,44.47,105.25,212.7,110.96
5/28/15,91.55,39.77,124.64,59.55,121.63,44.57,105.22,212.46,110.71
5/29/15,91.17,39.19,123.89,59.81,121.68,44.5,104.38,211.14,110.05
6/1/15,91.12,39.09,124.28,59.6,121.6,44.56,104.67,211.57,110.42
6/2/15,91.12,39.56,124.52,58.75,121.15,43.97,104.57,211.36,110.07
6/3/15,91.41,40.08,125.76,58.34,121.61,43.32,104.69,211.92,110.4
6/4/15,90.53,39.49,124.5,57.65,120.93,43.26,103.77,210.13,109.56
6/5/15,90.61,38.79,125.4,57.48,122.35,42.72,103.58,209.77,109.3
6/8/15,90.29,38.78,124.82,56.45,121.67,42.47,102.89,208.48,108.19
6/9/15,90.21,38.65,124.44,56.51,120.21,42.37,102.8,208.45,108.01
6/10/15,91.31,39.72,125.99,57.37,121.94,42.58,104.04,210.95,109.49
6/11/15,91.43,39.83,126.31,57.44,122.69,42.92,104.24,211.63,109.65
6/12/15,90.92,39.31,125.93,56.95,121.3,42.54,103.57,210.01,108.75
6/15/15,90.32,38.8,125.53,56.79,121.23,42.47,103.15,209.11,108.21
6/16/15,90.93,38.78,126.42,57.04,121.46,42.67,103.68,210.25,108.8
6/17/15,91.09,38.6,126.23,57.09,122.18,43.03,103.98,210.59,109.1
6/18/15,91.76,39.21,127.92,57.9,125.96,43.6,105.17,212.78,110.69
6/19/15,91.3,38.99,127.86,57.69,125.83,42.79,104.61,210.81,109.89
6/22/15,91.18,40.34,128.74,58.19,127.72,42.73,105.09,211.89,110.7
6/23/15,91.43,40.25,129.01,57.91,127.75,42.15,104.98,212.04,110.79
6/24/15,90.69,39.88,127.92,57.46,125.86,41.82,104.45,210.5,110.22
6/25/15,90.32,39.3,127.85,57.59,125.28,41.54,104.14,209.86,110
6/26/15,90.47,39.51,127.5,55.91,124.26,41.79,104.02,209.82,109.27
6/29/15,88.63,37.82,124.28,54.31,120.19,41.57,101.73,205.42,106.69
6/30/15,88.78,37.54,124.86,54.57,122.99,41.46,102.08,205.85,107.07
7/1/15,89.35,37.84,125.23,54.78,123.3,41.71,102.85,207.5,107.92
7/2/15,89.31,37.67,123.78,55.12,123.45,42.23,102.83,207.31,107.95
7/6/15,88.84,36.48,123.74,54.23,124.12,42.4,102.54,206.72,107.7
7/7/15,89.44,36.57,123.88,53.96,124.47,43.45,103.13,208.02,107.97
7/8/15,88.02,36.07,121.99,52.55,120.93,43.22,101.53,204.53,106.09
7/9/15,88.4,36.84,122.43,51.96,122.25,42.74,101.61,204.9,106.03
7/10/15,89.21,38.74,124.13,52.9,124.27,42.97,103.07,207.48,107.65
7/13/15,90,38.63,125.53,53.36,126.38,42.99,104.32,209.77,109.54
7/14/15,90.41,38.84,126.23,53.79,129.31,42.93,104.81,210.68,110.26
7/15/15,90.22,38.69,125.56,53.52,130.25,43.14,104.75,210.61,110.38
7/16/15,90.74,39.06,126.31,53.49,131.89,43.78,105.77,212.3,111.94
7/17/15,90.49,38.95,125.76,53.46,132.53,43.35,106.38,212.48,113.59
7/20/15,90.41,39.12,125.08,53.03,132.67,43.13,106.64,212.59,113.98
7/21/15,89.65,39.04,124.49,52.99,131.83,42.74,106.39,211.75,113.91
7/22/15,89.84,38.84,124.95,51.7,131.45,42.93,105.88,211.37,112.62
7/23/15,89.24,38.84,123.57,52.42,131.25,42.29,105.33,210.18,112.2
7/24/15,88.22,38.45,121.58,51.21,125.86,42.33,104.42,208,111.1
7/27/15,87.63,38.1,120.57,51.01,124.53,42.87,103.69,206.79,110.18
7/28/15,88.68,38.52,121.6,52.07,127.61,43.07,105.05,209.33,111.13
7/29/15,89.54,38.51,121.94,52.28,125.81,43.23,105.74,210.77,111.55
7/30/15,89.53,38.35,122.29,52.76,126.27,43.55,105.84,210.82,112.08
7/31/15,89.16,38.69,122.96,52.15,127.51,43.99,105.77,210.5,111.95
8/3/15,88.31,38.83,122.35,51.9,127.38,44.22,105.36,209.79,111.6
8/4/15,88.55,38.69,122.06,51.35,127.94,43.51,105.33,209.38,111.39
8/5/15,88.86,39.01,122.34,51.97,128.91,43.62,105.74,210.07,112.25
8/6/15,88.57,39.1,120.69,51.37,123.36,43.85,104.59,208.35,110.45
8/7/15,87.94,39,119.88,51.5,122.89,44.39,104.45,207.95,110.31
8/10/15,89.42,39.49,121.26,52.8,123.81,44.21,105.47,210.57,111.57
8/11/15,88.54,38.92,120.22,51.6,122.39,44.43,104.63,208.67,110.14
8/12/15,88.74,38.54,119.99,51.73,123.39,45.22,104.75,208.92,110.52
8/13/15,88.58,38.32,119.59,51.02,122.13,45.23,104.68,208.66,110.34
8/14/15,88.74,38.25,120.36,50.65,121.35,45.57,105.05,209.42,110.51
8/17/15,89.01,38.12,121.63,51.04,123.87,45.79,105.84,210.59,111.43
8/18/15,88.94,37.8,120.66,50.14,122.76,45.68,105.45,209.98,110.86
8/19/15,88.17,37.52,119.41,49.63,121.89,45.87,104.93,208.32,110.13
8/20/15,86.38,36.54,116.39,48.01,116.94,45.6,102.62,203.97,107.08
8/21/15,83.98,35.96,115.03,46.79,113.28,45.05,99.01,197.63,102.4
8/24/15,80.73,35.11,110.54,46.05,108.29,43.37,95.44,189.55,98.46
8/25/15,79.5,35.3,109.69,45.66,108.42,42.03,94.07,187.27,98.09
8/26/15,81.77,36.12,112.48,47.75,113.92,42.78,98.13,194.46,103.03
8/27/15,83.92,36.39,114.49,49.34,116.97,43.28,100.25,199.27,105.64
8/28/15,84.03,36.12,115.62,49.76,117.76,43.15,100.29,199.28,105.62
8/31/15,83.82,36.02,115.2,49.55,114,42.46,99.31,197.67,104.31
9/1/15,81.3,35.14,111.9,48.01,111.11,41.31,96.35,191.77,101.05
9/2/15,82.18,35.58,113.91,49.2,115.41,41.34,98.47,195.41,103.9
9/3/15,82.91,35.56,113.73,49.69,112.88,41.53,98.35,195.55,103.39
9/4/15,81.44,34.83,112.87,48.91,112.37,40.96,97.06,192.59,102.16
9/8/15,83.29,35.85,115.45,50.77,117.26,41.83,99.49,197.43,105.04
9/9/15,82.08,35.55,114.12,50,114.74,41.31,98.12,194.79,103.86
9/10/15,82.48,36.03,114.64,50.16,116.91,41.24,98.68,195.85,104.99
9/11/15,82.73,35.94,115.18,50.25,118.25,41.55,99.1,196.74,105.57
9/14/15,82.44,35.59,114.65,50.37,117.8,41.65,98.87,196.01,105.25
9/15/15,83.53,35.86,115.94,51.11,119.15,41.87,100.24,198.46,106.49
9/16/15,84.42,36.27,116.94,51.34,118.38,42.29,100.89,200.18,107.09
9/17/15,84.07,36.6,117.34,51.01,120.83,42.87,101.01,199.73,107.13
9/18/15,82.28,35.43,115.72,50.15,118.92,42.23,99.58,195.45,105.35
9/21/15,82.19,35.29,115.51,50.12,113.49,42.4,99.45,196.46,105.68
9/22/15,81.33,34.19,113.76,49.08,111.8,41.87,98.35,193.91,104.1
9/23/15,81.09,34.09,113.42,48.73,110.94,41.98,98.29,193.6,104.18
9/24/15,80.93,33.97,113.23,48.71,108.74,42.32,97.82,192.9,103.8
9/25/15,81.2,34.26,111.42,48.97,103.41,42.73,97.5,192.85,102.92
9/28/15,79.42,33.66,108.3,47.93,96.87,42.52,94.8,188.01,99.99
9/29/15,79.57,33.83,107.53,48.26,96.49,42.53,94.69,188.12,99.47
9/30/15,80.89,34.34,109.2,49.88,101.11,43.29,96.65,191.63,101.76
10/1/15,80.59,34.27,109.01,49.55,101.65,42.78,97.1,192.13,102.22
10/2/15,81.88,34.86,110.63,50.33,105.18,43.35,98.58,195,104.01
10/5/15,83.76,35.59,113.27,51.22,104.4,43.91,100.08,198.47,105.5
10/6/15,83.86,35.86,112.49,51.43,100.64,43.61,99.51,197.79,105
10/7/15,84.35,36.21,114.48,52.2,102.6,43.46,100.27,199.41,105.63
10/8/15,85.26,36.44,115.51,52.87,102.4,44,101.06,201.21,106.05
10/9/15,85.14,36.61,115.74,52.26,102.82,43.79,101.36,201.33,106.53
10/12/15,85.05,36.48,115.57,52.34,102.85,44.18,101.53,201.52,106.79
10/13/15,84.63,36.16,113.99,51.7,99.59,44.08,100.91,200.25,106.1
10/14/15,84.15,36.34,112.87,53.25,100.53,44.07,100.53,199.29,105.93
10/15/15,85.41,36.76,115.57,53.61,104.92,44.72,101.96,202.35,107.67
10/16/15,85.8,36.7,115.42,53.83,104.77,44.78,102.43,203.27,108.12
10/19/15,85.46,36.65,115.64,53.87,105.31,44.81,102.81,203.37,108.74
10/20/15,85.61,36.51,115.48,53.76,101.99,44.96,102.41,203.09,108.18
10/21/15,85.02,36.47,113.72,53.86,101.49,44.87,101.79,201.85,107.52
10/22/15,86.56,36.88,114.72,55.5,102.04,45.39,103.48,205.26,109.71
10/23/15,87.09,37.3,115.85,56.13,105.43,44.59,105.19,207.51,112.78
10/26/15,86.63,37.15,115.06,55.06,105.82,44.43,105.16,207,112.85
10/27/15,86.19,36.74,113.8,54.72,109.22,44.27,104.99,206.6,113.08
10/28/15,87.34,36.94,117.12,55.27,110.6,43.8,106.14,208.95,114.02
10/29/15,87.2,36.85,115.87,53.84,109.52,43.55,106.32,208.83,113.84
10/30/15,86.89,36.85,115.34,54.21,108.49,43.75,105.76,207.93,113.33
11/2/15,87.88,37.35,117.74,54.72,112.69,43.8,106.85,210.39,114.61
11/3/15,88.38,37.19,118.35,55.19,113.03,43.93,107.07,211,115.01
11/4/15,87.91,36.82,118.29,55.55,112.54,44.16,106.93,210.36,115.02
11/5/15,87.95,36.88,118.38,54.11,110.38,43.78,106.69,210.15,114.71
11/6/15,88,36.83,119.22,55.19,110.08,42.25,106.51,210.04,114.79
11/9/15,87.27,36.28,117.82,54.75,110.19,42.36,105.64,208.08,113.57
11/10/15,87.33,36.16,118.17,53.88,110.65,42.74,105.64,208.56,113.28
11/11/15,87.09,36.31,117.14,53.9,108.95,43.11,105.39,207.74,113.14
11/12/15,85.68,35.86,114.9,53.21,106.7,42.7,104.1,204.84,112.04
11/13/15,84.98,35.52,114.07,52.66,107.88,42.54,102.7,202.54,109.84
11/16/15,86.41,35.85,115.05,53.34,108.3,43.26,104.09,205.62,111.42
11/17/15,86.2,35.93,114.61,53.88,109.71,42.48,104.14,205.47,111.49
11/18/15,87.51,36.34,116.55,54.16,112.91,42.75,105.89,208.73,113.63
11/19/15,87.36,36.52,116.06,54.58,111.14,43.21,105.8,208.55,113.71
11/20/15,87.39,36.28,116.81,54.79,111.16,43.39,106.5,209.31,114.48
11/23/15,87.27,36.06,117.39,54.17,111.97,42.99,106.4,209.07,114.15
11/24/15,87.58,35.94,118.25,54.74,111.76,42.93,106.4,209.35,114.05
11/25/15,87.5,36.2,119.17,54.82,112.95,42.67,106.51,209.32,114.15
11/27/15,87.56,36.51,119.62,55.09,113.67,42.75,106.56,209.56,114.31
11/30/15,87.4,36.56,119.1,55.8,111.46,42.82,105.9,208.69,114.02
12/1/15,88.19,36.67,119.89,56.46,112.05,43.16,107.05,210.68,115.16
12/2/15,86.98,36.15,118.6,56.24,111.31,42.2,106.15,208.53,114.45
12/3/15,85.87,36.02,116.6,55.86,107.32,41.88,104.47,205.61,112.51
12/4/15,87.51,36.44,117.78,56.8,110.57,42.47,106.73,209.62,115.14
12/7/15,86.78,36.34,116.01,56.33,108.09,42.66,106.13,208.35,114.62
12/8/15,85.91,35.78,115.37,55.82,110.2,42.6,105.9,206.95,114.63
12/9/15,85.41,35.64,114.08,55.23,108.4,42.61,104.66,205.34,112.89
12/10/15,85.68,35.54,114.46,55.43,109.8,41.91,105.05,205.87,113.4
12/11/15,84,34.88,111.91,54.36,106.63,41.79,103.04,201.88,110.79
12/14/15,84.3,34.87,111.11,53.95,106.95,42,103.53,202.9,111.63
12/15/15,85.67,35.22,112.71,54.8,110,42.33,104.31,205.03,112.31
12/16/15,86.82,35.84,114.43,55.23,112.47,43.4,105.87,208.03,113.98
12/17/15,84.87,35.48,113.21,54.49,110.71,43.49,103.9,204.86,112.32
12/18/15,83.46,35.01,111.48,53.74,110.5,42.51,102.01,200.02,109.83
12/21/15,84.02,35.06,112.32,53.52,110.71,42.48,102.61,201.67,111.05
12/22/15,85.04,35.28,113.35,53.75,110.89,42.84,103.54,203.5,111.78
12/23/15,86.33,35.84,114.78,54.04,112.9,43.5,104.51,206.02,112.61
12/24/15,86.31,35.8,114.5,54.19,113.26,43.47,104.4,205.68,112.59
12/28/15,85.78,35.66,113.97,54.06,112.41,43.55,104.34,205.21,112.53
12/29/15,86.55,36,115.2,54.66,114.37,43.79,105.64,207.4,114.3
12/30/15,85.97,35.64,114.04,54.13,113.62,43.75,104.96,205.93,113.27
12/31/15,85.25,35.04,112.62,53.28,112.78,43.28,103.78,203.87,111.86
1/4/16,84.12,34.47,110.01,52.72,108.96,43.19,101.89,201.02,109.5
1/5/16,84.42,34.17,110.25,52.23,108.99,43.5,102.09,201.36,109.31
1/6/16,83.16,33.61,108.57,50.88,107.04,43.42,101.06,198.82,108.26
1/7/16,81.32,33.14,105.67,49.31,102.59,43.13,98.54,194.05,104.87
1/8/16,80.3,32.84,103.85,48.53,100.73,43.11,97.54,191.92,104.01
1/11/16,80.19,33.02,103.4,48.97,97.23,43.34,97.82,192.11,104.33
1/12/16,80.68,33.47,103.71,49.39,98.73,43.17,98.93,193.66,105.54
1/13/16,78.94,32.81,100.38,47.94,93.38,43.15,95.94,188.83,101.9
1/14/16,80.27,33.12,101.77,49.21,97.15,43.8,97.6,191.93,104.07
1/15/16,78.52,31.97,100.12,46.7,94.73,43.41,95.43,187.81,100.84
1/19/16,78.48,32.24,98.77,47.01,92.61,44.06,95.71,188.06,101.06
1/20/16,77.37,31.59,99.18,47.13,95.16,43.07,94.86,185.65,100.75
1/21/16,77.79,31.98,98.95,47.78,92.92,43.03,95.19,186.69,100.85
1/22/16,79.21,32.77,101.37,48.69,96.01,43.8,97.43,190.52,103.77
1/25/16,77.7,32.33,99.12,48.14,94.4,43.43,96.26,187.64,102.23
1/26/16,79.07,33.04,101.1,48.55,94.03,43.73,97.2,190.2,103.15
1/27/16,78.66,32.74,99.71,48.01,91.13,43.83,95.59,188.13,100.58
1/28/16,79.09,32.77,99.69,47.76,87.82,44.53,96.27,189.11,102
1/29/16,80.87,33.2,102.96,49.72,89.02,45.42,98.46,193.72,104.13
2/1/16,80.91,33.12,102.49,49.94,89.51,45.85,98.67,193.65,104.41
2/2/16,79.3,32.17,100.28,48.57,87,46.05,97.03,190.16,102.15
2/3/16,80.04,32.69,100.41,48.64,88,46.62,96.85,191.3,101.66
2/4/16,80.55,32.76,100.8,49.58,88.23,46.42,96.84,191.6,101.65
2/5/16,79.57,32.22,98.04,47.85,85.41,46.57,94.09,187.95,98.12
2/8/16,78.81,31.33,96.43,46.83,82.71,46.41,92.72,185.42,96.62
2/9/16,78.6,31.08,95.78,46.63,82.8,46.57,92.85,185.43,96.32
2/10/16,78.37,31.21,95.83,45.96,83.31,46.52,93.29,185.27,96.69
2/11/16,77.08,30.75,94.79,45.63,81.35,45.7,92.49,182.86,96.55
2/12/16,78.91,31.12,96.59,46.53,83.73,45.56,93.91,186.63,98.02
2/16/16,80.07,32.14,98.88,48.11,86.24,45.85,95.64,189.78,100.23
2/17/16,81.33,32.46,100.43,49.26,88.77,45.76,97.34,192.88,102.5
2/18/16,81.14,32.18,99.95,49.06,86.47,46.51,96.68,192.09,101.33
2/19/16,80.93,32.13,100.45,49.15,87.28,46.2,96.94,192,101.63
2/22/16,82.18,32.46,101.57,49.95,87.87,46.74,98.25,194.78,103.28
2/23/16,81.11,31.97,100.64,49.11,85.81,46.78,97.18,192.32,101.58
2/24/16,81.33,31.67,101.61,49.74,86.26,47,97.64,193.2,102.55
2/25/16,82.18,32.08,102.54,50.32,86.44,47.48,98.82,195.54,103.56
2/26/16,82.17,31.99,103.19,50.6,87.16,46.17,98.58,195.09,103.43
2/29/16,81.49,31.8,102.73,50.43,84.7,46.3,97.71,193.56,102.5
3/1/16,83.27,32.82,104.94,51.98,88.42,46.07,100.26,198.11,105.79
3/2/16,83.99,32.87,106.02,52.25,89.37,46.31,100.3,199,105.83
3/3/16,84.53,33.2,107.13,52.37,88.08,46.59,100.4,199.78,105.63
3/4/16,84.97,33.31,107.72,52.71,87.71,47.11,100.57,200.43,105.67
3/7/16,85.29,33.27,108.89,52.91,89.92,47.37,100.14,200.59,105.02
3/8/16,84.25,32.96,106.26,51.91,86.71,47.84,99.47,198.4,104.15
3/9/16,84.56,33.13,106.8,52.28,85.71,48.06,99.98,199.38,104.82
3/10/16,84.68,33.29,105.93,52.56,85.03,48.1,99.97,199.54,104.66
3/11/16,86.02,34.38,108.2,53.62,87.31,48.15,101.66,202.76,106.49
3/14/16,85.8,34.32,107.92,53.38,87.15,48.21,101.67,202.5,106.67
3/15/16,85.56,34.15,106.24,53.2,83.82,48.3,101.67,202.17,106.63
3/16/16,86.04,34.51,106.99,53.82,83.4,49.04,102.25,203.34,107.58
3/17/16,86.85,34.55,108.63,54.19,82.36,49.31,102.68,204.63,107.52
3/18/16,87.4,34.66,109.61,54.88,83.78,48.63,102.9,204.38,107.37
3/21/16,86.88,34.56,109.35,54.88,85.5,48.58,102.77,204.67,107.79
3/22/16,86.69,34.44,109.22,54.85,87.7,48.42,102.85,204.56,108.12
3/23/16,85.94,34.17,106.88,54.2,84.75,48.78,102.42,203.21,107.23
3/24/16,85.81,33.84,107.2,54.11,85.16,48.91,102.41,203.12,107.26
3/28/16,85.89,33.96,107.33,54.09,84.03,48.73,102.45,203.24,107.11
3/29/16,86.44,34.42,110.31,54.84,85.54,49.45,103.72,205.12,108.83
3/30/16,86.77,34.86,110.32,55.39,84.98,49.33,104.17,206.02,109.36
3/31/16,86.71,34.39,110.63,55.08,86.94,49.62,104,205.52,109.2
4/1/16,86.87,34.11,111.12,55.34,89.44,49.81,104.91,206.92,110.36
4/4/16,86.47,34.08,110.19,54.91,90.22,49.6,104.6,206.25,109.94
4/5/16,85.76,33.36,108.94,54.5,89.88,48.67,103.6,204.19,108.88
4/6/16,86.38,33.74,110.17,55.01,95.27,48.61,104.97,206.42,110.67
4/7/16,85.32,33.02,108.68,54.28,93.57,48.59,103.71,203.95,109.08
4/8/16,85.7,33.68,109.11,54.54,92.45,48.85,103.7,204.5,109
4/11/16,85.76,33.74,108.77,54.6,90.9,48.64,103.35,204.02,108.6
4/12/16,86.83,34.08,109.94,54.51,91.97,48.98,104.13,205.92,109.51
4/13/16,87.7,34.65,112.31,55.62,93.73,48.68,105.06,208,110.91
4/14/16,87.8,34.69,112.17,55.02,93.87,48.62,105.03,208.01,110.92
4/15/16,87.59,34.65,112.45,54.61,93.54,48.89,105.03,207.78,110.64
4/18/16,88.23,35.02,113.3,54.68,94.99,49.08,105.67,209.24,111.23
4/19/16,88.92,35.76,113.39,54.22,93.18,49.16,105.41,209.9,110.55
4/20/16,89.2,35.74,113.56,54.48,93.14,47.93,105.45,210.1,110.64
4/21/16,88.56,35.55,112.99,54.18,95.85,46.93,105.09,208.97,110.65
4/22/16,89.12,35.39,114.11,54.21,96.11,47.35,104.35,208.97,108.98
4/25/16,88.71,35.26,113.3,53.94,95.32,47.44,104.29,208.61,108.98
4/26/16,89.18,35.45,114.41,54.52,93.8,47.51,104.25,208.92,108.45
4/27/16,89.8,35.67,114.81,55.16,92.5,48.2,104.03,209.35,107.58
4/28/16,88.94,35.4,113.5,53.79,91.76,48.13,103.03,207.45,106.28
4/29/16,88.41,35.27,112.48,52.46,89.32,48.42,102.59,206.33,105.72
5/2/16,88.98,35.56,113.48,52.81,90.31,48.81,103.54,207.97,106.72
5/3/16,88.01,34.84,111.62,52.26,88.58,48.77,102.9,206.16,105.73
5/4/16,87.43,34.45,110.7,51.7,86.01,49.34,102.47,205.01,105.05
5/5/16,87.28,34.26,110.26,51.89,86.4,49.15,102.41,204.97,105.02
5/6/16,87.57,34.46,110.91,51.9,85.09,48.83,102.91,205.72,105.58
5/9/16,87.41,34.4,111.23,51.85,87.3,49.11,103.29,205.89,105.88
5/10/16,88.46,34.74,112.35,52.43,88.02,49.16,104.59,208.45,107.33
5/11/16,87.87,34.48,110.96,52.19,85.37,49.34,103.49,206.5,106.36
5/12/16,87.8,34.35,110.37,51.26,83.91,49.63,103.38,206.56,105.89
5/13/16,86.95,33.95,109.64,51.41,84.63,49.39,102.83,204.76,105.5
5/16/16,87.84,34.28,111.03,52.44,87.22,49.45,103.84,206.78,106.82
5/17/16,87.08,33.9,109.27,51.95,86.39,48.61,102.59,204.85,105.48
5/18/16,87.06,33.91,109.84,52.87,87.59,47.7,102.74,204.91,105.86
5/19/16,86.85,33.68,108.96,52.41,86.3,48.18,102.13,204.2,105.31
5/20/16,87.42,34.03,110.79,54.15,88.06,48.29,102.87,205.49,106.47
5/23/16,87.36,33.88,110.66,54.5,88.68,47.86,102.82,205.21,106.33
5/24/16,88.28,34.51,112.94,55.82,90.68,48.34,104.34,207.87,108.46
5/25/16,89.06,34.9,113.6,56.13,91.68,48.2,104.87,209.28,109.24
5/26/16,88.91,35.17,113.47,56.32,91.23,48.75,104.95,209.34,109.56
5/27/16,89.3,35.06,114.6,56.69,92.06,48.83,105.39,210.24,110.13
5/31/16,89.23,33.99,115,56.9,93.26,49.15,105.33,209.84,110.34
6/1/16,89.37,34.98,115.78,57.13,93.73,49.28,105.37,210.27,110.35
6/2/16,89.61,35.02,116.67,57.12,95.43,49.3,105.7,210.91,110.58
6/3/16,89.46,35.14,115.97,57.23,93.92,50.08,105.45,210.28,110.06
6/6/16,90.02,35.22,117.22,57.09,95.36,50.01,105.82,211.35,110.46
6/7/16,90.24,35.55,117.56,57.69,92.92,49.97,105.79,211.68,110.18
6/8/16,90.5,35.62,118.43,57.7,92.84,50.27,106.15,212.37,110.37
6/9/16,90.35,35.03,117.67,57.7,91.19,50.7,106.11,212.08,110.19
6/10/16,89.45,33.8,116.07,56.7,89.2,50.57,105.12,210.07,108.94
6/13/16,88.8,33.23,114.81,56.46,88.14,50.51,104.27,208.45,108.03
6/14/16,88.35,32.69,114.48,56.39,87.5,50.78,104.23,208.04,108.03
6/15/16,88.71,32.87,114.56,56.33,87.5,50.46,104.04,207.75,107.72
6/16/16,88.62,33.09,114.55,56.36,87.33,50.78,104.33,208.37,108.04
6/17/16,88.71,33.51,114.06,55.98,85.46,50.55,103.63,206.52,106.49
6/20/16,89.2,34.25,115.3,56.92,86.23,50.36,104.31,207.85,107.16
6/21/16,88.98,34.63,115.08,57.19,84.93,50.43,104.25,208.44,107.5
6/22/16,88.88,33.74,114.63,57.12,85.52,50.19,103.96,208.1,107.24
6/23/16,89.92,34.92,116.82,58.55,87.37,50.33,105.11,210.81,108.77
6/24/16,86.8,30.9,112.55,55.13,83.01,50.61,101.72,203.13,104.29
6/27/16,85.1,30.24,108.69,53.43,80.5,51.03,99.99,199.6,102.22
6/28/16,86.5,31.04,110.37,54.89,83.55,51.22,101.82,203.2,104.46
6/29/16,88.11,31.63,112.88,56.01,85.35,51.36,103.4,206.66,106.31
6/30/16,89.47,32.27,114.98,57.01,85.78,52.47,104.7,209.48,107.54
7/1/16,89.64,32.29,115.39,56.59,87.58,52.48,104.97,209.92,108.08
7/5/16,88.62,31.26,113.69,55.69,86.8,52.87,104.65,208.41,107.42
7/6/16,89.18,31.16,113.89,55.77,88.75,52.98,105.26,209.66,108.3
7/7/16,89.05,30.96,114.13,56.4,89.28,52,105.24,209.53,108.62
7/8/16,90.28,31.63,116.79,57.94,90.38,52.54,106.73,212.65,110.3
7/11/16,90.69,32.05,118.14,58.72,90.19,52.5,107.13,213.4,110.93
7/12/16,91.53,32.63,119.72,59.36,90.85,51.78,107.65,214.95,111.49
7/13/16,91.64,32.7,119.25,59.37,89.27,52.19,107.55,214.92,111.22
7/14/16,92.14,33.08,119.37,59.87,89.49,51.85,108.15,216.12,111.98
7/15/16,92.07,32.89,119.7,59.7,90.84,52,108.02,215.83,111.8
7/18/16,92.2,32.87,119.9,61.44,91.16,52.15,108.4,216.41,112.54
7/19/16,92.02,32.63,119.3,61.2,90,52.06,108.23,216.19,112.13
7/20/16,92.21,32.91,120.08,62.14,92.18,51.76,109.02,217.09,113.44
7/21/16,91.91,32.83,119.51,61.61,93.42,52.07,108.57,216.27,113.18
7/22/16,92.36,32.91,120.4,61.98,93.63,52.76,108.95,217.24,113.65
7/25/16,91.94,32.94,120.22,62.27,94.09,52.67,108.75,216.65,113.66
7/26/16,92.19,33.09,120.8,64.07,93.43,52.21,108.7,216.75,113.79
7/27/16,91.83,33.4,121.14,63.84,95.68,51.61,108.81,216.52,114.58
7/28/16,91.78,33.45,120.83,63.76,95.89,51.81,109.26,216.77,114.98
7/29/16,91.91,33.83,121.07,63.5,96.48,52.12,109.5,217.12,115.23
8/1/16,91.33,33.46,121.17,63.68,98.02,52.15,109.64,216.94,115.84
8/2/16,90.81,33.15,119.48,62.84,98.23,51.81,109.1,215.55,114.96
8/3/16,91.23,33.04,120.45,63,99.31,51.5,109.12,216.18,115.34
8/4/16,91.27,33.14,120.56,63.45,98.72,51.47,109.41,216.41,115.67
8/5/16,92.14,33.42,122.3,64.19,99.1,50.73,110.1,218.18,116.78
8/8/16,92.26,33.52,122.24,64.19,98.06,50.71,109.89,218.05,116.65
8/9/16,92.29,34.01,122.37,64.62,98.19,50.7,110.03,218.18,116.92
8/10/16,91.9,34.21,121.49,64.19,96.27,50.71,109.91,217.64,116.62
8/11/16,92.5,34.45,122.07,64.45,97.3,50.83,110.33,218.65,117.12
8/12/16,92.39,34.47,122.19,64.72,97.51,50.9,110.2,218.46,117.2
8/15/16,92.71,34.58,123.4,65.45,98.4,50.12,110.47,219.09,117.7
8/16/16,92.32,34.54,122.4,65.07,97.03,49.53,109.75,217.96,117.05
8/17/16,92.58,34.46,122.04,64.93,96.97,50.27,109.91,218.37,117.26
8/18/16,92.82,34.65,122.94,65.43,97.22,50.89,109.94,218.86,117.29
8/19/16,92.71,34.35,122.94,65.77,96.77,50.27,109.99,218.54,117.26
8/22/16,92.56,34.31,123.22,65.79,98.67,50.4,110.03,218.53,117.35
8/23/16,92.83,34.49,124.08,66.11,98.73,50.18,110.29,218.97,117.56
8/24/16,92.29,34.41,123.07,65.59,95.41,50.16,109.62,217.85,116.8
8/25/16,92.24,34.26,123.31,65.81,94.29,50.19,109.41,217.7,116.61
8/26/16,92.13,34.13,123.06,66.09,95.05,49.15,109.37,217.29,116.78
8/29/16,92.72,34.23,123.7,66.32,94.62,49.55,109.74,218.36,116.94
8/30/16,92.64,34.28,123.93,66.21,94.43,49.03,109.3,218,116.56
8/31/16,92.44,34.21,123.23,66.21,93.63,49.23,109.15,217.38,116.44
9/1/16,92.25,34.48,123.32,66.82,93.81,48.98,109.26,217.39,116.74
9/2/16,92.7,34.91,124.51,66.76,93.54,49.63,109.73,218.37,117.12
9/6/16,92.97,35.1,124.63,66.75,94.7,50.17,110.04,219.03,117.85
9/7/16,92.91,35.19,125.41,66.31,95.37,50.18,110.02,219.01,117.92
9/8/16,93.14,35.17,125.16,66.18,96.01,50.35,109.5,218.51,117.23
9/9/16,90.92,34.4,121.25,63.78,92.88,48.46,106.89,213.28,114.28
9/12/16,92.11,34.63,122.94,65.09,95.7,49.32,108.41,216.34,116.33
9/13/16,90.7,33.98,120.58,64.38,94.21,48.64,107.15,213.23,115.29
9/14/16,90.27,33.88,120.6,64.92,95.31,48.83,107.39,213.15,115.84
9/15/16,91.06,34.12,122.04,66.53,96.72,49.2,108.64,215.28,117.64
9/16/16,90.59,33.47,121.86,66.56,97.21,49.26,108.34,213.37,117.29
9/19/16,90.7,33.73,122.67,66.79,97.17,49.75,108.23,213.41,116.78
9/20/16,90.2,33.79,122.15,66.54,98.57,49.66,107.96,213.42,117
9/21/16,91.08,34.29,123.92,67.46,99.18,50.67,109.06,215.82,118.15
9/22/16,91.6,34.81,125.7,67.78,100.03,50.98,109.85,217.18,119.09
9/23/16,91.13,34.61,124.81,66.99,99.39,50.94,109.23,215.99,118.33
9/26/16,90.29,34.19,123.23,66.37,98.18,50.81,108.33,214.24,117.34
9/27/16,90.68,34.14,123.73,67.46,99.16,50.15,109.18,215.57,118.5
9/28/16,91.52,34.52,124.68,67.55,98.36,50.08,109.44,216.64,118.7
9/29/16,90.71,33.89,122.86,68.38,95.29,49.33,108.45,214.68,117.84
9/30/16,91.53,34.49,124.21,69.47,96.49,48.99,109.16,216.3,118.72
10/3/16,91.18,34.35,123.82,68.93,96.67,48.3,108.85,215.78,118.55
10/4/16,90.66,34.4,123.21,68.64,96.09,47.29,108.37,214.68,118.37
10/5/16,91.35,34.57,123.95,69.17,96.93,47.19,108.61,215.63,118.79
10/6/16,91.38,34.44,123.82,69.57,94.72,47.18,108.72,215.78,118.73
10/7/16,91.13,34.19,122.83,69.62,94.7,47.12,108.31,215.04,118.47
10/10/16,91.54,34.33,124.3,69.4,96.02,47.51,108.88,216.16,119.22
10/11/16,90.51,33.94,122.03,67.97,92.33,46.97,107.45,213.43,117.52
10/12/16,90.46,33.77,121.93,67.97,90.04,47.43,107.64,213.71,117.42
10/13/16,90.16,33.62,120.92,67.19,90.37,48.02,107.35,213.01,117
10/14/16,90.19,33.75,120.43,67.62,88.69,47.75,107.41,213.12,117.14
10/17/16,89.91,33.73,120.29,67.34,88.57,48.01,106.98,212.38,116.82
10/18/16,90.41,34.07,120.98,68.1,89.81,48.42,107.78,213.71,117.86
10/19/16,90.76,34.15,121.49,67.4,89.16,48.31,107.93,214.28,117.85
10/20/16,90.65,34.22,121.13,67.99,90.01,48.28,107.74,213.88,117.71
10/21/16,90.32,34.09,121.07,67.9,89.26,48,108.06,213.98,118.15
10/24/16,90.53,34.24,121.84,68.77,88.8,48.18,108.85,214.89,119.57
10/25/16,90.41,34.18,120.93,68.58,88.39,48.48,108.2,214.17,119.19
10/26/16,90.5,34.05,119.73,68.38,88.44,48.6,107.68,213.74,118.38
10/27/16,90.44,34.08,118.36,68.18,88.49,48.31,107.22,213.17,117.84
10/28/16,90.04,34.22,118.03,67.79,86.83,48.46,106.92,212.54,117.1
10/31/16,90.12,34.14,118.5,68.27,85.56,49.43,106.83,212.55,116.99
11/1/16,89.57,33.96,117.05,67.64,86.36,48.53,105.94,211.01,116.11
11/2/16,89.17,33.69,115.56,67.22,84.78,47.92,105.33,209.74,115.18
11/3/16,88.96,33.63,115,66.94,82.29,48.1,104.54,208.78,114.05
11/4/16,88.7,33.31,115.74,66.59,83.9,47.95,104.5,208.55,113.65
11/7/16,90.65,33.83,118.57,68.59,87.06,48.79,106.81,213.15,116.35
11/8/16,90.97,33.99,118.88,68.71,87.21,49.17,107.42,214.11,117.11
11/9/16,92.48,33.91,122.54,68.16,95,47.36,107.97,216.38,117.65
11/10/16,93.56,33.69,124.5,66.89,96.59,46.22,107.19,216.92,115.75
11/11/16,93.37,33.31,127.36,68.56,96,46.03,107.17,216.42,115.8
11/14/16,94.08,33,129.15,67.82,97.7,46,106.32,216.59,114.63
11/15/16,94.79,33.24,129.55,68.95,97.11,46.74,107.24,218.28,116.22
11/16/16,94.15,32.77,129.54,69.49,95.5,46.42,107.59,217.87,116.91
11/17/16,94.52,32.87,130.3,69.93,96.17,46.43,108.27,218.99,117.76
11/18/16,94.38,32.49,130.99,70.33,94.91,46.29,107.86,218.5,117.32
11/21/16,95,32.8,131.6,70.79,95.57,46.78,108.84,220.15,118.54
11/22/16,95.25,32.92,132.8,71.61,93.79,46.96,109.04,220.58,118.9
11/23/16,95.5,32.57,133.63,71.5,94.58,46.49,108.88,220.7,118.42
11/25/16,95.84,32.77,134.07,71.71,94.82,47.16,109.22,221.52,118.8
11/28/16,95.36,32.41,132.33,71.53,93.33,48.07,108.78,220.48,118.53
11/29/16,95.31,32.79,132.26,71.26,93.44,48.27,109.17,220.91,118.94
11/30/16,95.85,32.78,131.61,71.06,91.36,46.75,108.2,220.38,117.5
12/1/16,96.05,32.64,130.97,67.68,89.83,46.38,107.02,219.57,115.47
12/2/16,95.93,32.69,130.9,68.77,90.15,46.8,107.33,219.68,115.7
12/5/16,96.47,33.41,133.15,69.46,90.64,46.86,107.92,221,116.6
12/6/16,96.94,33.83,134.59,70.22,91.45,46.77,108.11,221.7,116.88
12/7/16,98.23,34.44,135.9,71.62,88.76,47.38,109.54,224.6,118.36
12/8/16,98.53,34.23,138.04,72.05,89.51,47.46,109.75,225.15,118.57
12/9/16,99.1,34.25,138.31,71.68,89.89,47.96,110.37,226.51,119.5
12/12/16,99.01,34.32,136.85,71.38,89.18,48.46,110.3,226.25,118.96
12/13/16,99.51,34.66,136.86,72.65,89.68,48.96,111.2,227.76,120.46
12/14/16,98.4,34.11,135.15,71.87,89.81,47.95,110.53,225.88,120.21
12/15/16,98.98,34.15,136.16,73.02,90.65,48.29,110.79,226.81,120.4
12/16/16,98.86,34.28,135.91,72.08,90.81,48.41,110.64,225.04,119.6
12/19/16,98.92,34.17,136.8,72.39,89.6,48.59,111.03,225.53,120.09
12/20/16,98.66,34.35,137.96,72.5,90.31,48.65,110.9,226.4,120.55
12/21/16,98.54,34.3,137.06,72.43,89.28,48.45,110.41,225.77,120.46
12/22/16,98.44,34.22,135.32,72.8,88.9,48.62,110.23,225.38,120.12
12/23/16,98.63,34.35,136.04,73.14,90.77,48.61,110.4,225.71,120.2
12/27/16,98.74,34.39,136.65,73.76,90.42,48.65,110.7,226.27,120.82
12/28/16,97.84,34.12,135.25,72.54,89.36,48.19,109.84,224.4,119.88
12/29/16,97.77,34.39,135.37,72.56,89.04,48.84,109.8,224.35,119.71
12/30/16,97.59,34.6,134.85,71.64,88.46,48.57,109.23,223.53,118.48
1/3/17,98.4,34.68,135.52,71.76,90.08,48.45,110.03,225.24,119.54
1/4/17,99,34.9,137.78,71.99,92.41,48.63,110.67,226.58,120.19
1/5/17,98.64,35.19,136.19,71.57,92.7,48.68,110.86,226.4,120.87
1/6/17,98.82,35.13,135.69,71.94,93.42,48.83,111.59,227.21,121.93
1/9/17,98.18,35.03,134.8,72.77,94.76,48.19,111.46,226.46,122.33
1/10/17,98.3,34.97,136.09,73.05,95.5,48.04,111.42,226.46,122.6
1/11/17,98.55,35.17,136.33,73.36,92.65,48.54,111.56,227.1,122.93
1/12/17,98.31,35.2,135.28,72.14,92.98,48.58,111.53,226.53,122.74
1/13/17,98.44,35.36,136.26,73.21,93.34,48.51,111.73,227.05,123.16
1/17/17,97.96,35.36,134.41,72.35,91.51,49.04,111.55,226.25,122.79
1/18/17,98.16,35.22,134.85,73.63,92.27,48.98,111.81,226.75,123.04
1/19/17,97.64,35.19,133.75,73.07,91.49,48.55,111.6,225.91,122.98
1/20/17,97.94,35.42,134.44,73.77,91.14,48.64,111.85,226.74,123.25
1/23/17,97.56,35.48,133.88,73.12,90.28,48.39,111.82,226.15,123.35
1/24/17,98.33,35.56,135.93,74.55,90,48.38,112.38,227.6,124.18
1/25/17,99.23,35.97,137.21,75.47,90.89,48.38,113.2,229.57,125.43
1/26/17,99.09,35.61,136.66,74.89,90.57,48.4,113.12,229.33,125.56
1/27/17,98.68,35.64,136.19,75.85,91.36,48.39,113.27,228.97,125.8
1/30/17,98.17,35.29,134.29,75.49,90.13,48.43,112.57,227.55,124.82
1/31/17,98.25,35.34,135.23,74.44,92.69,49.18,112.31,227.53,124.57
2/1/17,97.98,35.4,135.15,75.2,93.47,48.33,112.68,227.62,125.43
2/2/17,98.09,35.49,134.81,75.28,93.29,48.84,112.77,227.77,125.32
2/3/17,99.02,35.68,136.87,75.61,94.35,48.9,113.32,229.34,125.68
2/6/17,98.65,35.18,135.84,75.52,94.51,48.8,113.29,228.93,125.83
2/7/17,98.52,35.06,135.24,75.84,94.14,48.92,113.41,228.94,126.29
2/8/17,98.61,35.07,135,75.92,93.91,49.4,113.66,229.24,126.5
2/9/17,99.31,35.3,136.9,75.26,94.85,48.98,114.16,230.6,126.96
2/10/17,99.69,35.23,137.94,75.34,94.79,49.29,114.57,231.51,127.38
2/13/17,100.28,35.41,138.3,76.33,95.43,49.53,115.2,232.77,128.1
2/14/17,100.85,35.49,138.76,75.74,96.6,49.17,115.49,233.7,128.53
2/15/17,101.28,35.6,139.59,76.52,98.32,49.05,116.19,234.92,129.29
2/16/17,101.18,35.84,139.2,76.81,97.66,49.54,116.17,234.72,129.25
2/17/17,101.32,35.59,139.11,77.09,98.12,49.57,116.24,235.09,129.81
2/21/17,102.02,35.59,140.2,77.82,97.6,50.09,116.83,236.49,130.45
2/22/17,101.83,35.63,139.58,77.48,96.77,50.3,116.87,236.28,130.5
2/23/17,102.04,35.58,138.75,76.62,96.44,50.82,116.69,236.44,130.01
2/24/17,102.03,35.27,138.65,76.73,96.63,51.59,117.05,236.74,130.26
2/27/17,102.18,35.42,140,77.1,99.42,51.3,117.22,237.11,130.42
2/28/17,102.06,35.41,137.84,76.39,99.08,51.77,117,236.47,130.02
3/1/17,103.51,35.95,140.36,77.28,100.31,51.31,118.46,239.78,131.44
3/2/17,102.84,35.74,138.75,76.6,99.93,51.68,117.79,238.27,130.78
3/3/17,102.73,36.24,138.65,76.87,100.83,51.52,117.9,238.42,131.02
3/6/17,102.34,36.11,137.7,76.9,99.94,51.42,117.71,237.71,130.73
3/7/17,101.92,35.9,136.8,77.09,98.34,51.39,117.49,237,130.51
3/8/17,101.55,35.8,135.9,77.17,99.22,50.65,117.41,236.56,130.74
3/9/17,101.69,36.24,135.36,77.2,99.58,50.54,117.5,236.86,130.84
3/10/17,101.94,36.65,135.96,77.93,100.2,50.96,117.9,237.69,131.39
3/13/17,101.93,36.7,136.28,78.31,100.2,51.11,118.12,237.81,131.61
3/14/17,101.57,36.34,135.63,78.03,99.33,51.06,117.77,236.9,131.29
3/15/17,102.36,36.82,137.73,78.74,100.81,51.88,118.78,238.95,132.1
3/16/17,102.17,37.29,137.91,78.8,99.53,51.31,118.6,238.48,132.01
3/17/17,101.87,37.25,138.46,79.01,98.43,51.23,118.61,237.03,131.69
3/20/17,101.49,37.17,137.75,79.5,98.86,50.9,118.61,236.77,131.81
3/21/17,100.02,37.11,133.97,77.99,96.12,51.61,117.26,233.73,129.81
3/22/17,99.63,37.16,134,78.75,96.64,51.86,117.39,234.28,130.69
3/23/17,99.63,37.31,134.78,78.51,96.33,51.7,117.08,234.03,130.36
3/24/17,99.53,37.44,134.49,79.13,96.69,51.89,117.14,233.86,130.63
3/27/17,99.34,37.63,134.74,79.49,97.71,51.69,117,233.62,130.84
3/28/17,100.24,37.79,135.79,79.64,97.34,51.65,117.77,235.32,131.64
3/29/17,100.18,37.67,136.23,79.32,98.14,51.51,118.01,235.54,132.25
3/30/17,100.66,37.5,137.26,79.72,97.8,51.11,118.18,236.29,132.47
3/31/17,100.27,37.6,137.48,79.71,97.76,51.31,118.14,235.74,132.38
4/3/17,100.03,37.5,136.03,79.52,96.99,51.3,117.99,235.33,132.3
4/4/17,100.13,37.57,135.87,79.24,97.13,51.46,117.96,235.48,132.51
4/5/17,99.73,37.28,134.33,78.77,95.81,51.75,117.75,234.78,131.97
4/6/17,100.09,37.47,135.58,78.81,96.07,51.62,117.91,235.44,132.04
4/7/17,99.89,37.39,135.52,79.12,96.84,51.4,117.92,235.2,131.97
4/10/17,100.04,37.2,135.82,78.42,96.46,51.49,117.92,235.34,132.02
4/11/17,99.94,37.28,136.9,77.83,96.12,51.47,117.71,235.06,131.45
4/12/17,99.52,37.25,135.04,76.82,96.22,51.85,117.26,234.03,130.92
4/13/17,98.9,36.97,133.72,76.25,96.86,51.68,116.75,232.51,130.4
4/17/17,99.57,37.2,135.29,77.08,96.86,51.91,117.68,234.57,131.48
4/18/17,99.14,37,135.32,77.39,95.89,52.03,117.53,233.87,131.28
4/19/17,98.83,37.01,135.79,77.81,96.28,51.67,117.44,233.44,131.49
4/20/17,99.57,37.38,137.52,78.93,96.78,51.47,118.34,235.34,132.59
4/21/17,99.1,37.39,137.21,78.61,95.83,51.73,118.23,234.59,132.56
4/24/17,100.22,39.32,138.92,79.75,97.25,52,119.37,237.17,134.16
4/25/17,100.85,39.6,140.27,80.55,98.52,51.93,120.11,238.55,135.13
4/26/17,100.78,39.34,140.99,79.94,98.8,51.77,120,238.4,134.94
4/27/17,100.57,39.28,140.95,81.01,98.84,51.95,120.38,238.6,135.75
4/28/17,100.17,39.24,139.06,79.7,99.21,51.7,120.37,238.08,135.99
5/1/17,100.12,39.49,139.86,80.53,99.79,51.39,120.84,238.68,137.2
5/2/17,100.02,39.78,139.15,80.1,99.42,51.45,121.04,238.77,137.43
5/3/17,100.27,39.66,138.29,80.56,98.78,51.27,120.73,238.48,136.99
5/4/17,100.22,40.55,138.1,80.48,99.48,51.45,120.87,238.76,137.04
5/5/17,100.64,41.2,138.99,80.8,98.62,51.73,121.32,239.7,137.54
5/8/17,100.54,40.54,138.41,80.6,96.48,51.71,121.43,239.66,137.84
5/9/17,100.13,40.38,138.35,81.41,97.65,51.33,121.53,239.44,138.32
5/10/17,100.38,40.41,139.21,82.44,97.3,51.41,121.71,239.87,138.4
5/11/17,100.12,40.25,138.24,82.62,97.19,51.48,121.53,239.38,138.29
5/12/17,99.83,40.63,137.51,82.85,97.62,51.73,121.54,238.98,138.6
5/15/17,100.41,40.92,138.58,83.77,98.04,51.95,122.12,240.3,139.04
5/16/17,100.14,41.31,138.63,84.77,98.43,51.57,122.12,240.08,139.62
5/17/17,98.34,40.66,134.89,81.58,96.2,51.7,120.01,235.82,136.07
5/18/17,98.6,40.65,135.38,82.79,97.42,51.88,120.72,236.77,137.26
5/19/17,99.24,41.22,136.03,83.75,96.82,52.08,121.4,238.31,137.84
5/22/17,99.65,41.29,136.95,84.55,97.11,52.53,122.13,239.52,139
5/23/17,99.97,41.28,137.4,84.37,96.99,52.67,122.25,240.05,139.14
5/24/17,100.09,41.4,137.49,84.74,97.05,52.97,122.75,240.61,139.78
5/25/17,100.19,41.36,137.58,85.32,96.84,53.4,123.57,241.76,140.97
5/26/17,100.17,41.21,137.54,85.48,96.07,53.4,123.67,241.71,141.22
5/30/17,100.02,41.06,136.46,86.09,94.77,53.57,123.73,241.5,141.34
5/31/17,99.9,41.18,136.32,85.99,95.25,53.84,123.76,241.44,141.29
6/1/17,100.84,41.5,138.95,86.15,96.96,54.22,124.43,243.36,141.84
6/2/17,100.72,41.95,139.85,86.82,98.6,54.28,125.24,244.17,143.46
6/5/17,100.67,41.64,138.98,87.05,98.05,54.11,125.28,243.99,143.43
6/6/17,100.43,41.42,138.85,87.25,97.6,53.99,124.89,243.21,142.86
6/7/17,100.49,41.51,138.98,87.9,97.66,54.17,125.07,243.66,143.42
6/8/17,100.77,41.44,140.88,89.06,98.25,53.72,125,243.78,143.57
6/9/17,101.68,41.42,141.61,85.69,98.04,53.67,123.73,243.41,139.98
6/12/17,101.98,41.1,141.38,85.17,97.74,53.57,123.33,243.36,139.23
6/13/17,102.2,41.44,142.1,85.72,98.14,53.7,124.15,244.55,140.36
6/14/17,102.23,41.41,141.26,84.98,98.7,53.99,124.04,244.24,139.75
6/15/17,102,40.82,140.54,84.2,97.93,54.3,123.75,243.77,139.13
6/16/17,101.83,41.25,140.19,84.15,97.58,54.11,123.81,242.64,138.15
6/19/17,102.51,41.51,141.23,85.64,99.93,53.93,125.12,244.66,140.46
6/20/17,101.83,40.4,139.8,84.57,101.2,53.96,124.38,243.01,139.36
6/21/17,101.37,40.45,139.45,85.54,105.37,53.64,124.72,242.95,140.74
6/22/17,101.22,40.34,139.98,85.32,106.7,53.39,124.81,242.84,140.7
6/23/17,101.23,40.39,140.91,85.67,106.91,53.21,125.15,243.13,141.24
6/26/17,101.54,40.53,141.08,85.34,106.57,53.57,124.79,243.29,140.58
6/27/17,101.14,40.61,139.84,82.9,103.63,52.97,123.46,241.33,138.03
6/28/17,101.41,41.03,141.98,84.1,105.63,52.46,124.14,243.49,140.02
6/29/17,101.03,40.39,141.14,82.21,104.12,52.04,122.62,241.35,137.59
6/30/17,101.17,40.33,140.92,81.86,103.36,51.96,122.81,241.8,137.64
7/3/17,102.02,40.37,142.1,80.92,103.65,51.72,122.56,242.21,136.19
7/5/17,101.77,40.41,141.59,82.46,105.1,51.47,123.1,242.77,137.53
7/6/17,100.9,40.31,139.14,82.11,103.48,51.45,122,240.55,136.29
7/7/17,101.16,40.43,140.49,83.21,104.15,51.49,123.05,242.11,137.76
7/10/17,101.04,40.56,139.88,84.07,103.31,51.45,123.45,242.37,138.66
7/11/17,100.93,40.78,140.29,84.74,104,51.42,123.42,242.19,139.05
7/12/17,101.44,41.04,141.37,85.96,104.67,51.86,124.55,244.01,140.7
7/13/17,101.62,41.2,141.49,85.76,105.47,51.68,124.76,244.42,141.01
7/14/17,101.91,41.47,141.73,86.82,105.47,51.92,125.49,245.56,142.12
7/17/17,101.85,41.36,142.06,86.58,105.03,52.16,125.56,245.53,142.19
7/18/17,101.66,41.3,141.69,86.91,105.05,52.31,125.89,245.66,143.14
7/19/17,102.14,41.42,143.1,87.77,106.54,52.53,126.62,246.99,143.98
7/20/17,102.23,41.66,143.2,87.96,107.64,52.91,126.66,247.1,144.17
7/21/17,102.01,41.34,142.55,87.47,108.29,53.29,126.62,246.88,144.11
7/24/17,101.91,41.23,142.75,87.19,109.11,52.79,126.67,246.82,144.77
7/25/17,102.46,41.34,144.05,86.95,107.94,52.49,126.68,247.42,144.4
7/26/17,102.22,41.69,143.25,87.87,108.63,52.99,126.83,247.43,144.87
7/27/17,102.46,41.59,142.34,86.76,106.6,53.12,126.49,247.2,143.96
7/28/17,102.41,41.63,141.96,86.35,107.27,53.04,126.31,246.91,143.84
7/31/17,102.58,41.63,141.51,85.84,106.36,53.22,126,246.77,143.23
8/1/17,102.84,41.92,141.78,86.21,105.26,53.52,126.23,247.32,143.56
8/2/17,102.81,41.96,140.23,85.74,105.68,53.75,126.43,247.44,143.95
8/3/17,102.57,42.06,139.53,85.44,104.85,54.02,126.1,246.96,143.39
8/4/17,102.8,42.25,140.21,85.69,105.19,53.78,126.29,247.41,143.65
8/7/17,102.77,42.26,140.44,87.2,105.76,53.95,126.74,247.87,144.56
8/8/17,102.53,42.03,140,86.94,104.76,54.17,126.53,247.26,144.31
8/9/17,102.42,41.86,138.79,86.77,104.43,53.89,126.54,247.25,144.12
8/10/17,101.13,41.23,136.27,84.39,101.48,54.06,124.58,243.76,141.03
8/11/17,100.99,41.2,136.47,85.17,102.14,53.74,124.97,244.12,142.1
8/14/17,101.92,41.65,138.54,86.85,103.19,54.05,126.43,246.54,143.93
8/15/17,101.81,41.65,137.4,87.17,103.1,54.35,126.44,246.51,144.03
8/16/17,102,41.89,137.44,87.35,103.36,54.57,126.68,246.94,144.28
8/17/17,100.39,41.35,134.93,85.28,101.6,54.18,124.77,243.09,141.33
8/18/17,100.38,41.49,134.92,85.47,101.35,54.5,124.5,242.71,141.23
8/21/17,100.31,41.45,134.83,85.15,101.56,54.7,124.71,242.9,141.05
8/22/17,101.07,41.73,136.29,86.29,103.51,54.82,126.12,245.44,143.2
8/23/17,100.89,41.74,136.07,86.47,103.05,55,125.63,244.56,142.69
8/24/17,100.61,41.62,136.49,86.46,104.29,54.96,125.38,243.99,142.27
8/25/17,101,41.99,136.88,86.19,103.68,55.14,125.56,244.56,141.97
8/28/17,100.77,41.99,137.46,86.44,105.63,55.24,125.69,244.57,142.41
8/29/17,100.71,41.7,137.49,86.68,105.94,55.12,126.03,244.85,142.97
8/30/17,100.89,41.59,138.37,87.89,108.11,54.96,126.83,246.01,144.65
8/31/17,101.37,41.83,139.73,88.58,111.12,54.97,127.7,247.49,146.2
9/1/17,101.75,41.93,140.52,89,111.95,54.8,127.84,247.84,146
9/5/17,100.76,41.63,139.17,87.87,111.01,54.94,127.11,246.06,144.69
9/6/17,101.22,42.09,139.46,88.18,111.45,54.69,127.43,246.9,145.13
9/7/17,100.78,42.43,139.11,88.52,111.74,55.1,127.86,246.87,145.47
9/8/17,100.82,42.42,139.22,87.56,111.37,55.36,127.44,246.58,144.21
9/11/17,102.08,42.85,140.68,89.15,111.47,55.83,128.63,249.21,145.87
9/12/17,102.59,43.03,141.54,89.49,111.72,54.9,128.84,250.05,146.22
9/13/17,102.84,42.77,141.96,89.51,111.34,54.63,128.85,250.17,146.42
9/14/17,102.86,42.85,141.83,89.9,110.69,55.09,128.73,250.09,145.56
9/15/17,103,42.98,142.41,91.09,110.61,54.75,128.83,249.19,146.06
9/18/17,103.43,43.08,143.38,92.36,110.72,54.19,128.85,249.72,145.55
9/19/17,103.69,43.29,143.38,92.6,109.99,54.08,128.94,249.97,145.8
9/20/17,103.83,43.08,143.84,91.37,110.92,53.68,128.85,250.06,145.35
9/21/17,103.7,43.11,143.69,91.2,110.42,53.67,128.35,249.39,144.46
9/22/17,103.79,43.2,144.3,91.57,109.98,53.23,128.4,249.44,144.32
9/25/17,104.11,42.73,144.5,89.73,110.47,53.72,127.58,248.93,142.8
9/26/17,104.1,42.57,144.61,89.84,109.4,53.62,127.7,249.08,143.17
9/27/17,103.65,42.73,147.44,91.87,110.03,52.9,127.88,250.05,144.46
9/28/17,103.76,42.9,147.83,92.46,110.18,53.09,128.08,250.35,144.41
9/29/17,103.97,43.32,148.18,93.32,111.2,53.05,128.71,251.23,145.45
10/2/17,104.64,43.19,150,93.94,112.88,53.14,129.02,252.32,145.58
10/3/17,104.84,43.32,150.33,94.25,112.62,52.99,129.31,252.86,145.89
10/4/17,104.92,43.1,149.85,94.39,113.49,53.52,129.48,253.16,146.03
10/5/17,105.44,43.18,150.26,94.49,113.62,53.47,130.31,254.66,147.46
10/6/17,105.16,43.18,150.05,94.87,113.49,53.43,130.39,254.37,147.66
10/9/17,104.8,43.16,149.43,95.56,113.16,53.5,130.35,253.95,147.49
10/10/17,105.28,43.55,149.86,96.05,113.2,54.02,130.48,254.62,147.6
10/11/17,105.2,43.74,149.75,96.73,112.96,54.25,130.88,255.02,148.04
10/12/17,104.77,43.61,149.64,96.53,112.38,54.53,130.84,254.64,147.77
10/13/17,104.78,43.6,149.37,97.19,112.13,54.15,131.16,254.95,148.34
10/16/17,105.03,43.52,149.24,97.71,112.28,54.03,131.36,255.29,148.85
10/17/17,104.94,43.46,148.81,97.69,112.71,54.35,131.54,255.47,149.04
10/18/17,105.1,43.67,149.52,98.05,111.99,54.25,131.65,255.72,148.86
10/19/17,105.25,43.63,149.29,97.85,111.7,54.82,131.5,255.79,148.31
10/20/17,105.9,43.39,149.98,98.38,110.6,54.86,131.95,257.11,148.71
10/23/17,105.85,43.26,148.86,98.75,109.25,54.89,131.28,256.11,147.74
10/24/17,106.07,43.5,149.17,99.35,108.39,54.94,131.41,256.56,147.99
10/25/17,105.48,43.46,148.45,98.09,107.15,54.7,130.98,255.29,147.43
10/26/17,105.72,43.43,148.76,98.62,104.66,54.71,130.96,255.62,146.96
10/27/17,105.62,43.34,149.79,100.6,105.37,55.05,132.97,257.71,151.24
10/30/17,105.1,43.6,148.21,100.64,105.55,55.06,132.76,256.75,151.58
10/31/17,105.19,43.83,149.26,101.61,104.73,55.12,132.93,257.15,152.15
11/1/17,105.53,43.94,148.27,101.34,104.06,54.81,132.99,257.49,152.1
11/2/17,105.58,44.11,148.71,101.82,104.02,55.01,133.01,257.59,151.81
11/3/17,105.42,43.84,148.61,102.94,105.62,55.21,133.73,258.45,153.27
11/6/17,105.46,43.8,148.78,104.27,105.2,55,134.19,258.85,153.79
11/7/17,105.21,43.43,147,104.06,104.67,55.66,134.23,258.67,153.88
11/8/17,105.27,43.51,147.2,104.3,104.27,55.7,134.59,259.11,154.5
11/9/17,105.07,43.18,146.68,102.27,103.68,55.77,134.01,258.17,153.69
11/10/17,104.99,43.07,146.57,102.86,104.06,55.51,134.03,258.09,153.68
11/13/17,105.08,42.91,146.61,103.29,103.36,56.17,134.18,258.33,153.87
11/14/17,104.73,43.1,146.21,103.29,101.68,56.87,133.9,257.73,153.31
11/15/17,104.45,42.9,145.63,102.33,102.08,56.38,133.05,256.44,152.59
11/16/17,105.15,43.22,147.77,104.87,103.6,56.2,134.25,258.62,154.54
11/17/17,105.12,43,148.45,103.25,103.74,55.81,133.74,257.86,153.95
11/20/17,105.27,42.97,149.53,104.5,102.78,55.64,133.85,258.3,153.83
11/21/17,105.69,43.22,151.09,105.57,103.57,55.79,135.04,259.99,155.5
11/22/17,105.63,43.21,150.89,104.88,104.17,55.79,134.96,259.76,155.69
11/24/17,105.58,43.83,150.95,105.77,104.21,55.88,135.35,260.36,156.26
11/27/17,105.52,43.58,150.49,104.13,103.48,56.12,135.51,260.23,156.19
11/28/17,107.03,43.74,152.86,104.04,103.77,56.38,136.25,262.87,156.59
11/29/17,107.92,43.64,153.37,99.63,103.76,56.41,135.36,262.71,153.86
11/30/17,108.82,43.72,153.65,100.25,105.25,56.6,136.6,265.01,155.15
12/1/17,108.73,43.42,153.02,99.38,105.7,56.41,136.18,264.46,154.49
12/4/17,109.33,43.49,152.45,97.27,104.03,56.09,135.3,264.14,152.71
12/5/17,108.7,43.39,150.93,97.27,103.33,55.38,135.07,263.19,152.81
12/6/17,108.35,43.31,150.22,97.49,102.58,55.59,135.27,263.24,153.5
12/7/17,108.66,43.48,151.27,98.45,104.05,55.69,135.79,264.07,154.02
12/8/17,109.19,43.71,151.41,98,106.07,55.87,136.45,265.51,154.7
12/11/17,109.51,43.68,151.35,98.6,106.23,56.21,137.04,266.31,155.9
12/12/17,109.82,43.62,150.88,97.63,105.76,55.25,137.12,266.78,155.69
12/13/17,109.58,43.55,151.78,97.69,106.72,55.4,137.33,266.75,155.99
12/14/17,109.1,43.18,150.1,97.65,105.17,55.33,137.04,265.66,155.88
12/15/17,109.95,43.23,152.24,99.25,106.6,55.02,138.16,266.51,157.65
12/18/17,110.51,43.82,154.3,99.58,106.36,54.41,138.93,268.2,158.64
12/19/17,109.53,43.65,153.08,99.53,106.11,53.42,138.02,267.17,157.7
12/20/17,109.64,43.42,153.38,100.18,106.66,53,137.82,267.03,157.53
12/21/17,110.2,43.51,153.47,99.12,106.8,52.37,137.7,267.58,157.55
12/22/17,110.11,43.49,153.19,99.16,106.94,52.45,137.55,267.51,157.37
12/26/17,110.14,43.48,153.28,98.04,107.44,52.14,137.23,267.19,156.52
12/27/17,110.08,43.49,153.13,98.36,107.59,52.36,137.45,267.32,156.54
12/28/17,110.47,43.48,153.73,98.72,107.79,52.65,137.67,267.87,156.73
12/29/17,109.97,43.38,152.46,97.81,106.77,52.68,136.96,266.86,155.76
1/2/18,110.56,43.6,153.9,100.37,109.34,52.19,138.3,268.77,158.49
1/3/18,111.05,43.83,154.06,101.79,110.88,51.78,139.39,270.47,160.03
1/4/18,111.66,44.56,154.47,102.31,109.97,51.35,139.93,271.61,160.31
1/5/18,112.05,45,154.79,102.97,109.83,51.33,141.23,273.42,161.92
1/8/18,112.18,44.81,155.03,103.68,108.37,51.81,141.64,273.92,162.55
1/9/18,112.35,44.94,154.82,102.71,110.41,51.3,141.93,274.54,162.56
1/10/18,112.33,44.75,154.84,101.35,110.91,50.74,141.58,274.12,162.18
1/11/18,113.32,45.06,157.5,101.83,111.23,50.55,142.33,276.12,163.29
1/12/18,113.95,45.71,158.16,102.35,111.98,50.26,143.43,277.92,164.49
1/16/18,113.64,45.81,156.14,102.82,110.6,50.15,143.1,276.97,164.02
1/17/18,114.36,45.99,157.62,105.89,111.41,50.46,144.76,279.61,165.79
1/18/18,113.95,46.07,156.54,106.67,111.27,50.14,144.65,279.14,165.82
1/19/18,114.39,46.39,158.6,106.77,112,49.99,145.38,280.41,166.34
1/22/18,115.43,46.72,159.45,107.82,115.52,50.06,146.46,282.69,168.12
1/23/18,115.49,46.82,159.96,108.52,116.81,50.54,147.06,283.29,169.51
1/24/18,115.68,46.83,158.97,106.32,115.9,50.23,146.68,283.18,168.41
1/25/18,115.69,46.72,159.03,104.6,116.63,51.01,146.8,283.3,168.35
1/26/18,116.66,47.11,159.6,107.93,118.04,51.04,148.92,286.58,170.93
1/29/18,115.95,46.66,158.7,107.73,118.5,50.39,147.83,284.68,170.1
1/30/18,114.55,46.33,157.18,105.62,116.27,50.48,146.38,281.76,168.7
1/31/18,114.45,46.42,156.36,106.51,114.08,51.04,146.87,281.9,169.4
2/1/18,114.62,46.54,156.85,105.86,113.98,50.24,146.42,281.58,167.96
2/2/18,112.07,45.37,153.83,102.91,112.14,49.88,143.38,275.45,164.61
2/5/18,107.39,43.5,147.92,98.27,107.18,49.06,137.76,263.93,158.12
2/6/18,108.62,44.72,149.69,101.89,109.36,48.33,140.7,269.13,162.31
2/7/18,108.41,43.9,149.84,99.2,109.41,48.1,139.66,267.67,160.21
2/8/18,104.72,42.66,145.44,95.25,104.86,47.56,134.04,257.63,153.45
2/9/18,106.48,42.84,146.77,97.74,105.67,48.56,136.42,261.5,156.1
2/12/18,107.25,43.51,148.16,99.81,107.35,48.93,138.63,265.34,158.87
2/13/18,107.56,43.39,148.48,99.61,107.54,49.15,139.05,266,159.69
2/14/18,108.89,44.23,151.15,101.73,109.73,48.6,141.27,269.59,162.68
2/15/18,109.66,44.47,152.8,103.01,110.76,49.68,143.42,273.03,165.7
2/16/18,110.03,44.56,153.34,102.79,110.36,50.12,143.39,273.11,164.96
2/20/18,108.92,44.09,152.08,104.83,109.25,49.47,143.02,271.4,165.29
2/21/18,108.25,43.91,152.24,103.69,109.08,48.82,142.47,270.05,164.82
2/22/18,108.18,44.13,152,103.34,108.42,49.07,142.6,270.4,164.8
2/23/18,109.77,44.42,153.98,105.66,110.68,50.35,145.07,274.71,168.17
2/26/18,111.01,44.7,154.99,107.79,111.49,50.2,146.86,277.9,170.4
2/27/18,109.59,43.92,152.76,107.39,110.1,49.4,145.07,274.43,168.29
2/28/18,108.28,43.64,150.35,106.54,108.08,49.06,143.73,271.65,167.21
3/1/18,106.95,43.14,149.95,104.84,107.04,49.07,141.55,267.7,164.48
3/2/18,107.34,43.21,152.35,106.48,109.65,48.94,142.49,269.08,165.99
3/5/18,108.68,43.47,153.71,107.71,110.86,49.94,144.02,272.19,167.83
3/6/18,108.82,43.77,155.37,109.29,111.12,49.27,144.49,272.88,168.54
3/7/18,108.47,44,156.74,109.76,111.8,48.9,144.76,272.78,168.93
3/8/18,108.83,44.02,156.42,109.81,112.62,49.26,145.62,274.1,169.86
3/9/18,110.49,44.19,158.92,111.93,114.36,49.4,148.33,278.87,173.16
3/12/18,110.58,44.3,159.2,113.07,114.73,49.61,148.21,278.52,174.08
3/13/18,109.83,43.88,158.46,111.49,113.92,49.72,147.21,276.72,171.71
3/14/18,108.9,44.01,157.71,111.55,113.78,50.23,146.69,275.3,171.68
3/15/18,108.89,44,156.92,111.45,112.67,50.2,146.65,275,171.53
3/16/18,109.09,44.04,157.8,111.41,112.74,50.25,146.67,274.2,171.02
3/19/18,107.87,43.83,156.28,109.6,110.48,49.94,144.32,270.49,167.1
3/20/18,107.82,43.77,156.24,110.34,110.54,49.71,144.9,270.95,167.65
3/21/18,108.06,43.76,157.15,110.57,110.67,49.54,144.19,270.43,166.92
3/22/18,105.4,42.82,153.35,107.59,108.13,49.76,140.32,263.67,162.8
3/23/18,103.3,42.4,150.05,104.1,105.29,49.06,137.17,258.05,158.51
3/26/18,105.15,43.26,153.33,108.24,108.11,49.57,141.15,265.11,164.4
3/27/18,104.07,42.75,150.36,104.51,105.12,50.28,137.77,260.6,159.08
3/28/18,104.15,42.94,150.31,102.19,105.98,50.26,136.9,259.83,157.25
3/29/18,105.46,43.35,151.83,104.28,106.74,50.53,139.17,263.15,160.13
4/2/18,103.1,42.75,148.13,100.46,102.52,50.14,135.84,257.47,155.51
4/3/18,104.48,43.11,150.25,102.31,102.9,50.31,137.48,260.77,157.26
4/4/18,105.55,43.23,152.16,103.56,105.89,50.42,139.25,263.56,159.74
4/5/18,106.48,43.64,153.42,102.42,104.17,50.82,140.13,265.64,160.65
4/6/18,104.33,43.5,150.36,99.46,101.03,50.42,136.68,259.72,156.63
4/9/18,104.55,43.85,150.54,100.14,102.87,50.52,137.34,261,157.73
4/10/18,106.14,44.37,153.38,103.2,105.7,50.13,139.79,265.15,161.21
4/11/18,105.64,44.11,153.71,103.15,105.33,50.06,139.04,263.76,160.28
4/12/18,106.42,44.35,154.76,104.86,106.72,49.4,140.32,265.93,162.21
4/13/18,106.22,44.46,153.95,103.88,105.96,49.79,139.87,265.15,161.37
4/16/18,107.06,44.58,155.37,104.09,105.24,50.47,140.96,267.33,162.6
4/17/18,107.57,44.97,157.06,105.99,107.28,50.98,143.27,270.19,166.1
4/18/18,107.51,45.16,157.48,104.79,107.35,50.79,143.53,270.39,166.44
4/19/18,107.21,44.99,156.39,100.12,105.89,50.76,142.31,268.89,164.91
4/20/18,106.59,44.79,155.55,98.97,104.96,50.3,140.76,266.61,162.3
4/23/18,106.82,44.68,155.32,97.69,104.79,50.33,140.56,266.57,161.89
4/24/18,105.98,44.46,154.43,97.19,103.27,50.67,137.84,262.98,158.46
4/25/18,106.16,44.3,154.2,96.7,103.26,50.68,138,263.63,158.65
4/26/18,106.66,44.44,154.91,98.73,105.3,51.19,140.28,266.31,161.99
4/27/18,106.97,44.58,154.69,98.09,105.61,51.71,140.43,266.56,162.09
4/30/18,106.05,44.33,153.32,97.16,103.65,51.56,139.46,264.51,160.94
5/1/18,105.65,44.2,154.07,98.72,104.05,51.4,140.34,264.98,162.78
5/2/18,104.64,44.31,154.65,98.01,102.68,51.35,139.64,263.2,161.82
5/3/18,104.1,44.42,153.81,98.25,101.28,51.28,139.77,262.62,161.8
5/4/18,105.27,44.54,155.73,100.8,102.35,51.51,141.78,266.02,164.87
5/7/18,105.38,44.52,157.05,101.34,103,51.24,142.47,266.92,166.24
5/8/18,105.42,44.42,157.83,102.05,102.41,49.96,142.38,266.92,166.07
5/9/18,106.28,44.46,158.68,103.5,103.79,49.61,143.87,269.5,167.88
5/10/18,107.3,44.81,159.53,105.22,103.73,50.31,145.34,272.02,169.62
5/11/18,107.55,44.84,159.84,104.41,106.58,50.38,145.65,272.85,169.46
5/14/18,107.79,44.85,159.23,106.23,107.68,50.19,145.64,272.98,169.75
5/15/18,107.23,44.52,159.26,105.04,106.58,49.77,144.31,271.1,167.87
5/16/18,107.92,44.39,160.92,106.53,107.53,49.38,144.85,272.24,168.98
5/17/18,107.89,44.5,161.66,105.83,107.59,48.98,144.61,272.01,168.33
5/18/18,107.48,44.3,161.87,104.55,107.8,48.99,144.56,271.33,167.46
5/21/18,108.17,44.6,162.94,106.05,106.38,49.24,145.65,273.37,168.4
5/22/18,108.08,44.63,161.76,106.81,106.72,49.42,145.06,272.61,168.18
5/23/18,107.9,43.96,161.97,106.93,107.25,49.87,146.02,273.36,169.6
5/24/18,107.53,43.83,162.03,107.24,107.34,50.28,145.96,272.8,169.55
5/25/18,106.98,43.43,161.74,108.31,107.56,50.5,145.94,272.15,169.72
5/29/18,105.42,41.95,161.52,107.44,107.08,50.5,144.72,269.02,168.97
5/30/18,107.07,42.84,164.08,108.09,108.51,50.91,146.21,272.61,170.18
5/31/18,106.23,42.74,162.77,107.19,108.45,50.99,145.53,270.94,170.07
6/1/18,106.87,43.02,163.84,109.53,109.84,50.21,147.48,273.6,172.74
6/4/18,107.06,43.24,164.71,110.28,109.13,49.81,148.52,274.9,174.3
6/5/18,106.97,43.2,165.73,110.9,109.16,49.55,148.84,275.1,174.84
6/6/18,107.97,43.71,166.93,111.61,110.52,48.37,150,277.4,175.86
6/7/18,108.5,43.32,166.02,110.72,109.76,48.71,149.32,277.37,174.43
6/8/18,108.83,43.39,166.52,109.97,110.11,48.69,149.73,278.19,174.44
6/11/18,109.06,43.85,166.77,109.85,109.98,48.59,149.85,278.56,174.91
6/12/18,109,43.56,167.53,110.18,110.91,49.15,150.39,278.92,175.83
6/13/18,108.57,43.73,166.87,109.95,110.49,49.02,149.89,278.03,175.82
6/14/18,108.36,43.67,167.76,110.12,111.38,49.63,150.84,278.73,177.6
6/15/18,108.31,43.54,167.81,110.3,111.26,49.54,150.53,277.13,176.98
6/18/18,107.96,43.06,168.6,108.97,110.43,49.7,150.42,276.56,176.5
6/19/18,107.65,41.67,168.61,107.67,112.04,50.19,149.6,275.5,176
6/20/18,107.65,41.55,169.97,108.34,113.9,50.23,150.08,275.97,177.25
6/21/18,106.94,41.12,168.38,106.99,112.61,50.4,149.04,274.24,175.71
6/22/18,107.59,41.56,167.82,106.59,112.23,50.75,148.89,274.74,175.32
6/25/18,106.89,41.05,165.08,102.74,110.2,51.59,146.2,271,171.37
6/26/18,106.81,40.93,166.04,103.69,109.57,51.65,146.69,271.6,172.07
6/27/18,106.35,40.53,163.38,101.15,107.34,51.9,144.93,269.35,169.73
6/28/18,106.15,40.55,163.88,102.17,107.95,51.88,145.72,270.89,171.19
6/29/18,106.2,41.01,163.77,102.67,109.82,51.96,145.9,271.28,171.65
7/2/18,106.16,40.8,164.9,102.71,110.69,52.33,146.75,271.86,172.8
7/3/18,106.08,40.95,164.96,100.91,110.59,52.48,145.62,270.9,170.8
7/5/18,106.71,41.68,166.84,103.63,111.98,52.76,147.24,273.11,172.92
7/6/18,107.34,41.93,168.25,104.95,116.21,53.17,148.76,275.42,175.61
7/9/18,108.41,42.17,169.31,105.74,116.81,51.53,150.02,277.9,177.19
7/10/18,108.83,42.29,168.54,106.88,116.61,52.02,150.51,278.9,177.32
7/11/18,107.85,41.54,167.11,103.94,116.27,52.49,149.66,276.86,176.42
7/12/18,108.21,41.86,167.92,105.2,118.15,52.53,151.61,279.37,179.46
7/13/18,108.29,41.96,167.42,104.98,118.35,52.54,151.83,279.59,179.61
7/16/18,108.41,42.04,166.77,104.66,117.49,52.49,151.41,279.34,179.18
7/17/18,108.59,42.14,167.51,106.04,118.37,52.45,152.46,280.47,180.27
7/18/18,108.94,42.16,167.98,107.12,118.23,52.18,152.59,281.06,179.93
7/19/18,108.66,41.98,169.17,106.77,118.35,52.66,151.93,280,179.03
7/20/18,108.32,42.08,168.48,106.66,118.26,52.29,151.98,279.68,178.99
7/23/18,108.55,42.02,168.69,106.59,118.19,51.92,152.2,280.2,179.56
7/24/18,109.04,42.21,166.89,105.26,118.02,52.1,152.85,281.61,180.3
7/25/18,109.59,42.59,167.5,105.79,119.33,52.25,154.9,284.01,182.82
7/26/18,110.08,42.27,168.4,107.35,117.85,52.81,153.48,283.34,180.05
7/27/18,109.87,42.41,165.26,106.82,115.41,52.64,151.8,281.42,177.62
7/30/18,110.19,42.49,164.2,106.09,114.13,52.32,149.88,279.95,175.11
7/31/18,110.48,42.57,165.87,105.89,116.49,52.79,150.9,281.33,176.45
8/1/18,109.82,42.32,165.76,106.35,117.17,52.45,151.37,280.86,177.12
8/2/18,109.92,41.93,166.97,107.42,118.05,52.71,152.65,282.39,179.53
8/3/18,110.59,41.98,166.39,107.59,117.17,53.3,153.13,283.6,180.08
8/6/18,110.92,41.79,167.32,108.16,116.94,53.34,153.85,284.64,181.14
8/7/18,111.29,42.14,167.72,108.89,118.38,53.26,154.31,285.58,181.8
8/8/18,111.15,42.03,167.57,109.23,117.55,52.98,154.44,285.46,182.02
8/9/18,110.74,41.83,168,108.17,117.37,53.22,154.45,285.07,181.91
8/10/18,110.06,40.63,167.53,105.63,116.73,52.99,153.27,283.16,180.52
8/13/18,109.44,40.5,166.55,105.75,116.56,53.06,152.99,282.1,180.32
8/14/18,110.14,40.49,168.2,105.5,117.21,53.17,153.88,283.9,181.45
8/15/18,109.38,39.69,166.09,103.75,115.38,53.66,152.68,281.78,179.23
8/16/18,110.64,40,167.63,103.59,116.27,54.24,153.5,284.06,179.82
8/17/18,111.3,40.26,168.35,102.83,116.29,54.52,153.8,285.06,179.86
8/20/18,111.71,40.56,168.82,102.69,116.09,54.33,154.03,285.67,179.7
8/21/18,112,41.16,170.76,104.81,117.17,53.94,154.29,286.34,180.36
8/22/18,111.69,41.34,171.18,105.2,118,53.54,154.52,286.17,181.06
8/23/18,111.3,41.09,170.66,105.33,117.32,53.5,154.46,285.79,180.8
8/24/18,111.78,41.53,171.59,106.94,117.4,53.73,155.66,287.51,182.48
8/27/18,112.47,42.11,171.84,108.61,119.46,53.4,156.97,289.78,184.34
8/28/18,112.43,42.12,172,109.02,120.05,53.29,157.26,289.92,184.61
8/29/18,112.78,42.26,172.5,109.64,121.56,53.68,158.62,291.48,186.74
8/30/18,111.98,41.77,172.36,108.47,122.03,53.7,158.14,290.3,186.41
8/31/18,111.65,41.22,173.02,108.94,122.19,53.47,158.3,290.31,186.65
9/4/18,111.66,40.85,172.25,109.73,121,53.71,158.06,289.81,185.85
9/5/18,112.21,40.45,171.79,109.13,120.56,54.46,156.71,289.03,183.45
9/6/18,111.97,40.25,170.63,106.3,118.42,54.77,156.16,288.16,181.81
9/7/18,111.76,39.88,170.54,105.83,117.74,54.1,155.74,287.6,181.11
9/10/18,111.94,40.33,170.75,106.86,117.94,54.37,156,288.1,181.72
9/11/18,111.97,40.38,171.03,105.52,117.44,54.23,156.98,289.05,183.12
9/12/18,112.18,40.45,170.62,104.31,117.5,54.18,156.83,289.12,182.58
9/13/18,112.38,40.87,170.66,105.59,118.37,54.59,158.18,290.83,184.53
9/14/18,112.62,40.75,171.38,106.68,117.77,54.3,158.03,290.88,183.99
9/17/18,112.62,40.82,169.56,105.24,116.21,54.48,156.54,289.34,181.34
9/18/18,113,41.09,170.27,106.04,117.51,54.38,157.53,290.91,182.84
9/19/18,113.45,41.22,169.65,106.28,117.66,53.2,157.5,291.22,182.7
9/20/18,114.15,41.98,171.22,107.65,119.29,53.31,158.91,293.58,184.72
9/21/18,114.33,41.98,170.4,107.11,118.55,53.06,158.54,291.99,183.71
9/24/18,113.54,41.79,169.77,107.87,119.96,52.59,158.55,291.02,183.89
9/25/18,113.02,41.91,170.03,106.15,120.23,51.87,158.63,290.75,184.14
9/26/18,111.83,41.88,168.03,105.21,120.61,51.36,157.81,289.88,184.27
9/27/18,111.81,41.66,168.04,105.87,121.87,51.89,158.69,290.69,185.83
9/28/18,111.71,41.01,168.55,106.45,121.94,52.65,158.8,290.72,185.79
10/1/18,112.14,41.01,166.33,106.73,121.17,52.47,159.32,291.73,186.17
10/2/18,112.31,40.74,164.53,106.65,120.37,53.18,158.86,291.56,185.75
10/3/18,112.38,40.87,165.97,107.06,121.26,52.54,159.04,291.72,185.95
10/4/18,112.35,40.35,163.64,104.65,117.88,52.82,156.74,289.44,182.38
10/5/18,111.86,40.01,162.16,102.27,116.53,53.63,155.6,287.82,180.15
10/8/18,112.61,39.65,161.82,101.07,115.65,54.08,154.83,287.82,179.05
10/9/18,112.29,39.57,161.19,100.88,115.13,54.3,154.87,287.4,179.63
10/10/18,109.49,38.66,156.56,96.3,111.31,54,148.83,278.3,171.73
10/11/18,106.94,38.32,153.57,95.45,109.08,53.01,146.35,272.17,169.6
10/12/18,107.25,38.37,153.6,97.34,111.25,52.95,149.53,275.95,174.32
10/15/18,107.13,38.43,154.17,96.28,110.09,53.2,148.05,274.4,172.21
10/16/18,108.77,39.19,158.64,99.54,114.75,53.75,152.07,280.4,177.22
10/17/18,108.73,38.75,157.96,99.05,114.69,53.65,151.93,280.45,177.29
10/18/18,107.93,37.98,155,96.47,113,53.73,149.15,276.4,173.18
10/19/18,107.95,38.22,153.36,95.08,111.22,54.57,148.7,276.25,173.02
10/22/18,106.9,37.9,153.03,95.59,109.62,54.22,148.8,275.01,173.91
10/23/18,106.26,37.61,151.66,95.21,109.09,53.92,148.07,273.61,173.27
10/24/18,103.78,36.44,145.95,88.82,102.81,55.23,142.78,265.32,165.34
10/25/18,104.78,37.04,149.11,91.33,103.99,54.37,146.46,270.08,171.06
10/26/18,103.27,36.89,147.48,89.68,103.61,53.37,143.35,265.33,166.66
10/29/18,103.45,36.91,146.67,88.65,102.61,54.12,141.49,263.86,163.23
10/30/18,105.31,37.16,149.73,92.42,103.63,54.33,143.44,267.77,165.92
10/31/18,105.73,37.37,150.03,93.46,104.07,53.69,145.9,270.63,169.82
11/1/18,106.61,37.96,153.49,97.97,108.07,53.45,147.76,273.51,172.06
11/2/18,106.25,38.12,154,96.41,108.1,53.15,146.32,271.89,169.38
11/5/18,107.57,38.02,153.88,95.52,108.03,53.9,146.4,273.39,168.96
11/6/18,108.28,38.16,154.64,96.51,108.5,54.26,147.34,275.12,170.24
11/7/18,109.78,38.65,157.41,97.7,111.03,54.88,151.32,281.01,175.58
11/8/18,109.56,38.06,156.99,97.25,110.17,54.79,151.12,280.5,174.46
11/9/18,108.93,37.96,154.08,95.49,107.73,54.87,149.26,277.76,171.52
11/12/18,107.42,37.11,151.03,91.31,104.45,54.84,145.69,272.57,166.33
11/13/18,107.39,37.43,150.55,92.49,104.03,55.07,145.37,272.06,166.47
11/14/18,106.62,37.66,149.45,92.97,101.92,54.5,144.27,270.2,165.2
11/15/18,107.33,37.74,151.58,95.91,104.15,54.05,146.3,273.02,168.09
11/16/18,107.91,37.75,151.94,94.28,105.05,54.88,146.37,273.73,167.5
11/19/18,107.41,37.35,148.86,90.74,102.8,55.12,142.4,269.1,162.06
11/20/18,105.19,36.57,145.99,90.66,102.18,54.89,140.08,264.12,159.16
11/21/18,105.51,37.04,148.03,91.06,102.8,54.08,140.61,265.02,160.37
11/23/18,104.6,36.74,147.89,90.93,103.21,54.11,139.74,263.25,159.21
11/26/18,105.95,37.32,149.81,92.74,104.97,54.43,142.36,267.5,162.89
11/27/18,106.29,37.14,148.57,92.88,104.7,54.84,142.76,268.4,163.44
11/28/18,107.91,37.66,152.24,95.34,107.54,54.8,147.08,274.58,168.7
11/29/18,107.75,37.51,151.83,94.44,107.49,54.78,146.75,273.98,168.15
11/30/18,108.41,37.24,152.62,96.75,109.1,55.59,147.88,275.65,169.37
12/3/18,109.24,37.71,154.08,98.45,110.35,56.15,150.21,279.3,172.33
12/4/18,106.18,36.72,147.52,93.61,106.71,56.19,144.97,270.25,165.72
12/6/18,105.43,36.29,147.2,93.06,106.88,56.25,145.25,269.84,166.89
12/7/18,103.68,35.85,144.02,89.53,103.64,56.46,141.13,263.57,161.38
12/10/18,103.19,35.61,143.6,90.57,103.82,56.57,142.14,264.07,163.07
12/11/18,102.96,35.73,143.45,91.02,104.17,56.8,142.43,264.13,163.61
12/12/18,103.28,36.4,144.82,92.4,105.48,56.44,143.44,265.46,165.05
12/13/18,102.48,36.34,142.77,92.09,103.89,56.93,143.12,265.37,165.1
12/14/18,100.9,35.8,140.61,90.66,101.93,56.82,140.01,260.47,161.08
12/17/18,99.17,35.52,137.02,89.8,100.25,54.99,136.89,255.36,157.43
12/18/18,98.53,35.41,136.85,90.88,98.31,54.62,137.53,255.08,158.42
12/19/18,97.39,35.13,134,86.94,96.21,54.53,134.94,251.26,154.53
12/20/18,95.9,34.94,131.79,84.62,94.56,54.5,132.78,247.17,152.29
12/21/18,94.41,34.45,128.37,83.16,90.86,53.81,129.41,240.7,147.57
12/24/18,92,33.85,125.88,80.96,89.61,51.56,125.87,234.34,143.5
12/26/18,96.13,34.78,131.93,85.51,94.81,52.26,132.63,246.18,152.46
12/27/18,96.86,34.77,132.48,86.26,95.16,52.7,133.96,248.07,153.05
12/28/18,96.74,34.9,132.86,86.85,94.84,52.83,133.73,247.75,152.97
12/31/18,97.57,35.06,133.9,87.28,96.43,52.92,135,249.92,154.26
1/2/19,97.98,34.89,134.66,87.92,97.5,52.01,134.81,250.18,154.88
1/3/19,95.66,34.49,132.25,82.64,97.64,52,131.39,244.21,149.82
1/4/19,98.7,35.56,137.19,86.49,102.55,52.77,136.14,252.39,156.23
1/7/19,99.36,35.73,139.59,88.16,105.99,52.41,137.17,254.38,158.09
1/8/19,100.07,35.98,141.73,87.65,106.75,53.06,138.67,256.77,159.52
1/9/19,100.61,36.49,142.9,89.89,107.5,52.74,139.31,257.97,160.82
1/10/19,101.07,36.47,143.64,90.82,108.9,53.43,139.95,258.88,161.28
1/11/19,101.08,36.18,143.68,91.57,109.01,53.23,139.73,258.98,160.69
1/14/19,100.75,36.06,142.25,90,107.17,52.03,138.73,257.4,159.27
1/15/19,101.45,36.06,143.45,90.24,109.24,52.67,140.82,260.35,162.38
1/16/19,102.05,36.13,144.52,89.53,108.65,52.86,140.68,260.98,162.35
1/17/19,102.85,36.21,145.83,90.64,109.79,53.08,141.82,262.96,163.63
1/18/19,104.39,36.72,147.33,92.88,110.47,53.14,143.46,266.46,165.25
1/22/19,102.95,36.23,145,90.19,108.72,53.24,141.58,262.86,161.94
1/23/19,103.08,36.51,144.6,89.83,107.81,53.78,141.78,263.41,162.15
1/24/19,103.35,36.58,145.47,95.12,107.79,54.06,141.82,263.55,163.2
1/25/19,104.4,37.15,147.34,96.89,109.44,53.32,142.74,265.78,165.15
1/28/19,103.83,37.05,146.55,95.08,107.26,53.07,141.32,263.76,163.11
1/29/19,103.94,37.15,146.2,93.82,107.47,53.22,140.7,263.41,161.57
1/30/19,105.18,37.52,147.8,96.66,108.2,53.63,143.41,267.58,165.68
1/31/19,105.84,37.35,149.06,96.59,109.69,54.76,145.04,269.93,168.16
2/1/19,106.04,37.38,149.18,97.82,110.27,54.55,145.09,270.06,167.45
2/4/19,106.66,37.48,150.96,98.3,110.24,54.64,146.24,271.96,169.53
2/5/19,106.95,37.84,151.12,98.85,110.06,54.75,147.14,273.1,171.03
2/6/19,106.96,37.73,150.93,101.3,109.88,54.72,146.62,272.74,170.52
2/7/19,105.95,36.97,149.69,99.12,107.13,55.44,145.28,270.14,168.23
2/8/19,105.59,36.74,149.85,98.85,107.8,55.68,145.71,270.47,168.56
2/11/19,105.87,36.74,151.1,99.28,108.34,55.66,145.88,270.62,168.4
2/12/19,107.18,37.24,152.99,101.49,109.42,55.79,147.86,274.1,170.89
2/13/19,107.57,37.19,153.42,101.73,109.75,55.63,148.18,274.99,171.01
2/14/19,107.16,37.08,153.77,102.03,110.22,55.54,148.03,274.38,171.22
2/15/19,108.54,37.79,156.22,102.55,112.04,55.71,149.42,277.37,171.94
2/19/19,108.75,37.93,156.65,102.43,111.4,56.04,149.58,277.85,172.28
2/20/19,109.19,38.12,157.39,103.36,111.1,56.29,149.67,278.41,172.25
2/21/19,108.6,38.01,156.79,102.72,109.15,56.7,149.3,277.42,171.62
2/22/19,108.97,38.12,158.15,104.18,110.71,57.05,150.68,279.14,172.89
2/25/19,109.24,38.21,158.19,105.13,112.96,56.68,150.76,279.52,173.52
2/26/19,109.02,38.45,157.1,104.45,112.5,56.61,150.82,279.32,173.7
2/27/19,108.79,38.3,157.32,103.38,114.14,56.68,151,279.2,173.59
2/28/19,108.24,38.52,156.78,103.33,112.74,57.01,150.97,278.68,173.19
3/1/19,108.88,38.86,158.24,104.28,115.11,57.13,152.14,280.42,174.39
3/4/19,108.36,38.67,156.81,104.33,114.01,57.23,151.68,279.4,174.42
3/5/19,108.17,38.64,156.08,103.84,113.42,57.16,151.66,279.02,174.55
3/6/19,107.42,38.56,153.02,102.09,109.87,57.16,150.72,277.33,173.56
3/7/19,106.57,37.88,151.68,100.98,109.14,57.35,149.45,275.01,171.43
3/8/19,106.49,37.98,151.64,100.95,108.61,57.55,149.04,274.46,171.17
3/11/19,108.04,38.28,154.29,103.1,110.93,57.96,151.28,278.44,174.73
3/12/19,108.32,38.31,154.37,103.61,111.84,58.36,151.7,279.49,175.69
3/13/19,109.07,38.65,154.98,104.03,113.3,58.42,152.74,281.34,177.01
3/14/19,109.15,38.8,154.35,103.45,112.99,58.41,152.51,281.16,176.71
3/15/19,109.59,39.27,154.76,106.22,114.2,58.19,153.34,281.31,178.35
3/18/19,110.31,39.43,155.75,105.93,113.92,57.97,153.61,282.33,178.45
3/19/19,110.08,39.65,154.96,107.15,113.85,57.31,153.94,282.4,179.05
3/20/19,109.28,39.63,153.26,106.23,113.18,57.46,154.17,281.55,179.76
3/21/19,110.35,39.48,155.27,109.89,111.97,58.07,155.96,284.73,182.57
3/22/19,108.21,38.33,149.62,106.75,108.17,58.49,153.03,279.25,178.56
3/25/19,107.23,38.36,150.28,105.4,108.32,58.54,152.88,279.04,178.22
3/26/19,107.98,38.46,151.86,106.38,110.33,58.96,153.9,281.12,179.05
3/27/19,107.64,38.55,151.27,104.83,108.8,58.55,153.09,279.65,177.9
3/28/19,108.07,38.36,152.62,104.63,109.46,57.86,153.56,280.71,178.31
3/29/19,108.71,38.6,153.09,106.33,111.8,58.17,154.64,282.48,179.66
4/1/19,110.2,39.11,154.76,108.95,111.91,57.77,156.27,285.83,182.04
4/2/19,110.13,39.24,154.36,109.04,112.82,57.85,156.37,285.97,182.73
4/3/19,110.38,39.65,155.16,111.58,113.49,57.76,156.62,286.42,183.78
4/4/19,110.91,39.64,155.92,111.7,113.03,57.56,156.64,287.18,183.71
4/5/19,111.52,39.76,157.38,112.54,114.93,58.1,157.26,288.57,184.66
4/8/19,111.77,39.76,157.12,112.77,114.44,57.69,157.28,288.79,185.13
4/9/19,110.96,39.5,155.2,111.54,112.6,57.83,156.72,287.31,184.48
4/10/19,111.28,39.67,157.31,112.44,113.84,57.65,157.3,288.29,185.47
4/11/19,111.36,39.75,157.11,112.33,111.9,57.94,157.23,288.21,185.03
4/12/19,112.07,40.17,157.68,113.91,111.05,58.21,158.19,290.16,185.83
4/15/19,111.98,40.19,157.17,113.09,110.49,58.2,158.23,289.97,185.86
4/16/19,112.25,40.26,157.54,115.85,109.39,57.48,157.97,290.16,186.5
4/17/19,112.3,40.54,156.1,117.56,105.14,57.26,157.36,289.45,187.15
4/18/19,112.34,40.43,155.64,117.73,104.54,57.29,157.72,290.02,187.39
4/22/19,112.29,40.51,155.23,117.64,104.59,57.24,158.17,290.27,187.92
4/23/19,113.14,40.41,157.57,118.59,106.8,57.4,159.78,292.88,190.31
4/24/19,112.78,40.09,158.06,119.6,105.64,57.77,159.55,292.23,189.71
4/25/19,112.2,39.98,156.75,117.24,106.71,58.01,160.1,292.05,190.48
4/26/19,112.79,40.06,158.27,115.81,107.4,58.1,160.81,293.41,190.65
4/29/19,113.06,40.31,159.03,115.2,107.31,57.76,160.84,293.87,191.02
4/30/19,113.33,40.53,158.29,116.25,106.42,58.71,160.78,294.02,189.54
5/1/19,112.78,40.27,156.79,115.36,105.56,58.11,159.2,291.81,188.93
5/2/19,112.43,40.08,157.52,116.45,105.98,57.98,158.85,291.18,188.11
5/3/19,113.38,40.43,160.53,117.49,107.91,58.3,160.68,294.03,191.11
5/6/19,112.77,39.98,160.71,115.61,108.83,57.98,160.19,292.82,189.94
5/7/19,110.95,39.18,157.53,112.97,105.63,57.8,157.5,287.93,186.24
5/8/19,110.7,39.41,156.76,112.16,105.59,57.01,157.38,287.53,185.77
5/9/19,110.39,39.15,156.19,110.58,105.34,56.94,156.78,286.66,184.77
5/10/19,110.81,39.43,156.62,110.46,105,57.96,157.53,288.1,185
5/13/19,108.02,38.44,151.63,105.34,101.32,58.58,153.93,280.86,178.58
5/14/19,108.95,38.86,153.54,108.04,102.44,58.19,155.06,283.4,180.54
5/15/19,109.2,39.09,154.04,109.04,103.37,58.09,156.52,285.06,183.09
5/16/19,109.87,39.46,155,107.5,104.44,58.48,158.43,287.7,184.93
5/17/19,109.36,39.21,152.84,105.43,103.77,58.78,157.3,285.84,183.04
5/20/19,108.68,38.84,151.78,101.24,102.32,58.86,156.07,283.95,179.95
5/21/19,109.82,39.1,153.82,103.55,104.35,58.97,157.38,286.51,181.83
5/22/19,109.11,38.97,152.53,101.73,104.68,59.41,157.37,285.63,181.02
5/23/19,107.82,38.47,149.39,100.04,103.77,59.92,155.46,282.14,178.25
5/24/19,108.04,38.86,150.79,99.43,104.2,59.83,155.69,282.78,178.16
5/28/19,106.66,38.5,149.59,98.55,102.9,58.85,154.86,280.15,177.49
5/29/19,106.15,38.11,148.34,98.88,101.75,58.07,153.64,278.27,176.03
5/30/19,105.99,38.32,147.93,99.64,101.79,57.98,154.28,279.03,176.77
5/31/19,104.65,37.92,145.86,98.23,99.98,58.25,152.32,275.27,173.95
6/3/19,105.42,38.2,146.37,98.12,101.06,58.83,150.56,274.57,170.12
6/4/19,107.83,38.84,150.16,102.14,103.01,58.88,153.61,280.53,174.91
6/5/19,108.41,38.77,150.19,101.36,103.18,60.14,155.34,282.96,176.21
6/6/19,109.07,38.9,149.8,102.76,102.17,60.51,156.33,284.8,177.61
6/7/19,109.86,39.46,150.86,104.09,103.83,60.06,158.47,287.65,181.04
6/10/19,110.44,39.54,151.75,106.69,103.21,59.65,159.15,288.97,183.15
6/11/19,110.6,39.82,151.3,107.08,102.7,59.29,158.91,288.9,183.4
6/12/19,110.17,39.49,151.47,104.76,103.33,60.06,158.79,288.39,182.34
6/13/19,110.92,39.51,153.07,105.28,104.1,60.18,159.26,289.58,183.42
6/14/19,110.73,39.18,151.73,102.66,103.13,60.81,158.94,289.26,182.64
6/17/19,110.48,38.14,152.24,102.03,106.1,60.64,159.5,289.37,183.74
6/18/19,111.78,38.83,154.01,106.18,107.56,60.39,160.91,292.4,186.41
6/19/19,111.91,39,154.56,106.43,108.17,60.85,161.59,293.06,187.11
6/20/19,112.92,39.38,155.29,107.66,108.62,61.24,163.2,295.86,188.85
6/21/19,112.77,39.37,153.95,107.15,109.45,60.99,162.91,294,188.57
6/24/19,112.46,39.43,152.08,107.35,107.12,61.01,162.85,293.64,188.16
6/25/19,111.71,39.13,151.15,105.49,106.89,60.64,160.9,290.76,184.93
6/26/19,111.79,39.21,150.8,108.61,105.82,59.32,160.44,290.47,185.79
6/27/19,111.73,39.25,153.63,110.07,107.28,59.4,160.34,291.5,186.5
6/28/19,112.41,39.56,155.5,110.18,109.1,59.63,161.09,293,186.74
7/1/19,113.32,39.65,156.1,113.29,109.73,59.48,162.36,295.66,189.26
7/2/19,113.34,39.67,155.15,111.96,109.65,60.29,163.25,296.43,190.01
7/3/19,114.11,40.09,156.26,111.55,110.93,60.71,164.51,298.8,191.44
7/5/19,114.13,39.76,156.68,110.73,109.22,60.68,164.24,298.46,191.05
7/8/19,113.53,39.51,155.19,110.01,107.74,60.77,163.41,296.82,189.71
7/9/19,113.53,39.39,155.4,110.78,108.84,60.85,163.81,297.19,190.66
7/10/19,113.76,39.5,155.67,111.88,108.53,60.99,165.01,298.61,192.56
7/11/19,114.15,39.44,154.91,112.19,106.98,61.01,165.16,299.31,192.42
7/12/19,114.99,39.53,156.11,114.25,105.52,60.61,165.52,300.65,193.53
7/15/19,114.86,39.6,155.29,115.17,106.08,60.85,165.67,300.75,194.15
7/16/19,114.66,39.54,155.24,113.98,105.47,60.5,164.98,299.71,193.15
7/17/19,113.77,39.35,154.13,114.39,105.58,60.73,164.25,297.74,192.2
7/18/19,114.18,39.45,154.71,116.45,106.45,61.26,164.63,298.83,192.42
7/19/19,113.6,39.13,153.82,116.46,104.88,60.37,163.52,297.17,191.01
7/22/19,113.82,39.3,153.68,118.79,105.12,60.24,164.12,297.9,192.53
7/23/19,114.84,39.64,154.7,120.11,105.39,59.86,164.93,300.03,193.79
7/24/19,115.52,39.73,157.26,123.31,105.68,59.91,165.59,301.44,195.15
7/25/19,114.92,39.34,155.36,121.08,104.2,59.76,164.81,300,193.3
7/26/19,115.53,39.42,157.2,120.83,105.32,59.98,166.22,302.01,195.29
7/29/19,115.54,39.47,156.15,121.24,105.41,60.29,165.8,301.46,194.62
7/30/19,115.38,38.72,157.84,120.7,106.36,59.83,165.2,300.72,193.78
7/31/19,114.36,38.49,156.56,117.09,105.66,59.55,163,297.43,191.1
8/1/19,112.89,38.38,154.29,114.73,106.38,60.16,162.29,294.84,190.15
8/2/19,112.06,37.97,152.58,113.17,105.07,60.15,161.05,292.62,187.35
8/5/19,108.72,37.23,148,108.29,102.29,59.29,156.21,283.82,180.73
8/6/19,109.98,37.45,149.36,110.01,103.74,60.03,158.48,287.8,183.26
8/7/19,109.92,37.67,149.32,110.61,104.02,60.18,158.81,287.97,184.25
8/8/19,111.78,37.96,152.54,113.44,105.88,60.8,162.05,293.62,188.26
8/9/19,111.16,37.74,150.62,111.48,105.48,60.87,161.05,291.62,186.49
8/12/19,109.76,37.43,148.67,110.16,104.16,60.75,159.16,288.07,184.35
8/13/19,111.35,37.78,150.27,113.32,105.38,60.79,161.55,292.55,188.39
8/14/19,108,36.59,146.07,109.67,103.03,60.29,156.87,283.9,182.76
8/15/19,108.1,36.54,145.49,109.55,102.68,61.07,157.52,284.65,182.55
8/16/19,109.97,37.03,148.63,112.23,104.97,61.38,159.52,288.85,185.48
8/19/19,111.33,37.35,150.13,114.08,106.16,61.77,161.57,292.33,188.43
8/20/19,110.32,37.17,149.15,113.43,105.08,61.67,160.44,290.09,186.97
8/21/19,111.22,37.66,150.38,114.59,106.04,62.08,161.85,292.45,188.63
8/22/19,111.32,37.54,150.03,114.44,105.17,62.14,161.52,292.36,188.02
8/23/19,108.32,37.01,145.43,109.7,102.41,61.48,157.57,284.85,182.07
8/26/19,109.28,37.34,147.03,110.83,103.16,62.19,159.36,288,184.82
8/27/19,108.68,37.37,144.85,110.57,102.22,62.3,159.12,286.87,184.43
8/28/19,109.68,37.34,146.54,111.28,102.88,62.13,159.99,288.89,185.09
8/29/19,111.12,37.8,149.11,113.69,103.62,62.56,161.94,292.58,187.92
8/30/19,111.39,37.91,148.84,114.42,102.93,62.58,161.75,292.45,187.47
9/3/19,110.68,37.78,146.66,112.61,101.15,63.69,160.7,290.74,185.65
9/4/19,112.06,38.39,147.84,115.93,101.21,63.75,162.3,294.04,188.33
9/5/19,113.48,38.66,150.59,119.45,102.39,63.06,164.41,297.82,191.78
9/6/19,113.8,38.73,149.9,119.55,102.24,62.81,164.5,298.05,191.59
9/9/19,114.76,38.87,151.91,120.01,101.83,62.5,163.24,298.2,191.19
9/10/19,115.41,38.95,153.85,120.25,102.98,62.58,162.46,298.13,190.64
9/11/19,116.41,39.06,157,121.78,104.76,63.2,163.31,300.25,192.43
9/12/19,116.59,39.42,157.04,121.97,104.15,63.34,164.2,301.29,193.23
9/13/19,116.66,39.52,157.31,121.91,104.2,62.94,163.88,301.09,192.54
9/16/19,116.4,39.05,157.9,121.09,105.14,62.99,163.33,300.16,191.68
9/17/19,116.51,39.22,157.49,121.58,105.19,63.54,163.98,300.92,192.6
9/18/19,116.54,39.19,156.52,121.71,104.44,63.81,164.08,301.1,192.52
9/19/19,116.29,39.32,155.76,121.22,104.63,64.11,164.46,301.08,192.84
9/20/19,115.74,39.19,155.43,118.95,105.55,63.87,163.52,298.28,190.8
9/23/19,115.88,38.99,155.31,119.97,104.63,63.88,163.42,298.21,190.5
9/24/19,115.04,38.78,152.43,118.19,102.42,64.63,161.99,295.87,187.97
9/25/19,115.69,38.59,154.1,120.21,102.13,64.59,162.88,297.62,190.08
9/26/19,114.55,38.7,152.38,120.63,100.08,64.93,162.14,297,189.38
9/27/19,114.39,38.67,151.16,117.77,99.3,64.7,160.85,295.4,187.03
9/30/19,114.96,38.89,151.34,119.13,99.5,64.74,161.66,296.77,188.81
10/1/19,113.41,38.53,148.37,118.32,98,64.59,159.84,293.24,187.27
10/2/19,111.31,37.57,147.25,116.39,97.24,63.73,157.12,288.06,184.05
10/3/19,111.85,37.86,147.74,118.18,98.79,63.88,158.59,290.42,186.07
10/4/19,113.62,38.18,149.14,120.26,99.53,64.77,160.89,294.35,188.81
10/7/19,113.15,38.19,148.88,119.66,99.41,64.52,160.16,293.08,188.24
10/8/19,111.44,37.74,146.46,116.52,97.61,63.92,157.67,288.53,185.42
10/9/19,112.31,38.13,147.13,118.57,97.75,64.23,159.16,291.27,187.23
10/10/19,113.25,38.47,147.72,119.7,99,64.16,159.95,293.24,188.68
10/11/19,114.67,39.28,150.22,122.43,100.24,63.92,161.43,296.28,191.11
10/14/19,114.67,39.23,149.67,122.61,100.62,63.51,161.21,295.95,191.09
10/15/19,115.77,39.73,151.39,125.05,102.46,63.31,162.81,298.88,193.52
10/16/19,115.48,39.85,151.55,123.23,102.35,63.45,162.53,298.4,193.04
10/17/19,115.87,40,153.34,123.31,103.03,63.61,162.98,299.28,193.55
10/18/19,115.95,40.06,152.61,122.1,102.27,63.82,161.67,297.97,191.69
10/21/19,116.84,40.23,154.04,124.39,103.58,64.07,162.68,299.99,193.39
10/22/19,117.09,40.01,154.21,123.45,105.3,64.34,161.26,299.01,191.85
10/23/19,117.5,40.19,154.4,121.3,105.64,64.6,161.77,299.88,192.22
10/24/19,117.27,40.23,154.18,124.51,105.74,64.82,162.45,300.37,194.09
10/25/19,117.87,40.2,155,127.03,105.59,64.16,163.02,301.6,195.64
10/28/19,118.4,40.39,156.34,128.96,107,63.28,164.1,303.3,197.57
10/29/19,118.3,40.38,156.85,128.08,107.46,63.34,164.18,303.21,196.04
10/30/19,118.27,40.53,156.33,128.22,107.59,63.9,164.98,304.14,196.99
10/31/19,118.01,40.42,155.45,127.49,107.34,64.25,164.49,303.33,197.08
11/1/19,119.56,40.72,158.1,130.12,109.85,64.09,165.54,306.14,198.87
11/4/19,120.4,41,158.95,132.89,109.5,63.27,165.7,307.37,200.1
11/5/19,120.61,40.92,159.15,132.96,109.52,62.62,165.13,307.03,200.21
11/6/19,120.68,40.91,158.23,132.15,108.31,62.86,165.28,307.1,199.76
11/7/19,121.17,40.95,158.65,132.93,108.35,62.01,165.64,308.18,200.43
11/8/19,121.47,40.93,159.08,133.21,110.36,61.75,166.03,308.94,201.23
11/11/19,121.19,40.91,158.78,132.67,110.04,61.37,165.83,308.35,200.96
11/12/19,121.28,40.91,158.83,132.95,110.38,61.52,166.32,309,201.54
11/13/19,121.27,40.77,158.15,133.18,110.58,62.43,166.53,309.1,201.59
11/14/19,121.31,40.75,158.1,132.94,109.85,62.65,166.85,309.55,201.43
11/15/19,122.17,41.04,158.92,134.29,111.5,62.85,168.09,311.79,202.91
11/18/19,122.4,41.06,158.52,134.37,111.24,62.98,168.05,312.02,203.07
11/19/19,121.91,40.96,159.11,133.91,113.45,62.82,168.58,311.93,203.37
11/20/19,121.37,40.75,158.51,132.6,113.96,63.2,168.04,310.77,202.15
11/21/19,121.34,40.72,157.73,131.15,114.3,62.98,167.65,310.27,201.7
11/22/19,121.69,40.76,158.22,130.92,115.41,63,167.86,310.96,201.83
11/25/19,122.56,40.9,161.58,133.94,118.25,62.79,169.21,313.37,204.22
11/26/19,122.55,41,161.69,133.51,118.48,63,170.02,314.08,204.61
11/27/19,123,40.97,162.83,134.41,119.39,63.11,170.76,315.48,206.04
11/29/19,122.62,40.79,161.77,132.91,119.65,63.05,170.13,314.31,205.1
12/2/19,121.69,40.4,160.19,131.18,118.45,62.64,168.55,311.64,203
12/3/19,120.5,40.34,159.68,129.34,119.15,62.81,167.8,309.55,201.41
12/4/19,121.53,40.67,160.78,131.24,120.4,63.29,168.61,311.46,202.43
12/5/19,121.76,40.65,160.94,132.03,118.86,63.4,168.67,312.02,202.83
12/6/19,123.09,40.9,162.82,133.99,120.03,63.21,170.03,314.87,205
12/9/19,122.66,40.63,162.51,133.09,119.41,62.99,169.55,313.88,204.07
12/10/19,122.6,40.76,162.61,133.62,120.1,62.98,169.24,313.53,203.9
12/11/19,122.97,41.03,162.56,136.48,119.48,63.15,169.83,314.42,204.98
12/12/19,124.39,41.38,163.96,140.4,120.29,62.88,170.84,317.13,206.51
12/13/19,124.22,41.52,163.33,139.86,120.63,63.37,171.12,317.32,207.19
12/16/19,124.5,41.77,163.88,141,121.61,64.16,171.74,319.5,209.27
12/17/19,124.61,41.62,164.7,141.8,120.99,64.37,171.65,319.57,209.39
12/18/19,124.57,41.49,165.02,141.31,120.56,64.63,171.71,319.59,209.55
12/19/19,124.82,41.53,165.73,142.13,121.15,64.65,172.76,320.9,210.86
12/20/19,125.34,41.62,165.97,143.5,122.05,64.59,173.7,320.73,211.71
12/23/19,125.46,41.71,166.3,142.08,122.92,63.99,173.88,321.22,211.81
12/24/19,125.4,41.65,166.68,142.37,123.5,64.08,173.84,321.23,211.92
12/26/19,125.65,41.87,166.68,142.75,122.58,64.19,175.18,322.94,213.79
12/27/19,125.71,42.02,165.86,142.26,121.56,64.38,175.25,322.86,213.61
12/30/19,125.12,41.71,165.44,141.23,120.18,64.37,174.05,321.08,212.21
12/31/19,125.62,41.92,165.67,141.41,120.51,64.62,174.38,321.86,212.61
1/2/20,126.01,42.44,165.78,144.68,119.89,63.81,176.83,324.87,216.16
1/3/20,125.18,41.84,165.13,142.31,118.36,63.94,175.52,322.41,214.18
1/6/20,125.35,41.95,165.35,140.79,119.12,64,176.45,323.64,215.56
1/7/20,124.89,41.72,164.8,143.14,119.15,63.91,176.17,322.73,215.53
1/8/20,125.25,41.9,165.31,143.38,120.22,63.88,177.38,324.45,217.15
1/9/20,125.81,42.06,165.51,144.2,121.04,64.23,178.92,326.65,218.99
1/10/20,125.39,41.9,164.89,143,120.45,64.4,178.5,325.71,218.43
1/13/20,125.77,42.07,165.96,145,119.16,64.79,180.32,327.95,220.95
1/14/20,125.89,42.06,166.57,145.3,121.11,64.98,179.66,327.45,220.08
1/15/20,126.12,41.95,167.37,143.15,121.73,65.89,180.09,328.19,220.17
1/16/20,127.05,42.17,169.53,145.46,122.35,66.3,181.84,330.92,222.28
1/17/20,127.24,42.3,169.07,146.06,121.89,66.76,182.79,331.95,223.38
1/21/20,126.66,41.95,167.67,146.18,120.72,67.37,182.66,331.3,223.28
1/22/20,126.78,41.84,167.56,147.39,120.55,67.58,182.67,331.34,223.87
1/23/20,126.79,41.73,167.45,148.3,119.5,68.18,183.05,331.72,224.59
1/24/20,125.54,41.61,165.39,147.65,116.88,68.36,181.42,328.77,222.7
1/27/20,123.74,40.69,163.51,141.7,116.09,68.19,178.33,323.5,218.1
1/28/20,124.6,41.15,164.87,145.25,117.32,68.47,180.7,326.89,221.45
1/29/20,124.01,41.22,163.93,143.04,117.24,68.65,181.16,326.62,221.81
1/30/20,124.42,41.19,163.93,142.71,115.54,69.29,181.7,327.68,222.6
1/31/20,122.28,40.48,160.53,137.57,113.81,68.98,178.32,321.73,219.07
2/3/20,122.67,40.64,162.32,139.45,115.82,69.2,180.29,324.12,222.38
2/4/20,124.1,41.32,164.77,143.94,118.55,68.51,183.58,329.06,227.47
2/5/20,126.34,41.78,167.31,146.8,121.56,68.79,184.59,332.86,228.22
2/6/20,126.45,41.99,166.93,146.9,122.47,68.81,185.73,333.98,230.19
2/7/20,125.71,41.63,164.88,143.54,121.53,68.59,184.86,332.2,229.2
