,AGG,TLT,SHY,IEI,HYG,BKLN,LQD
date,,,,,,,
2/11/15,110.87,129.95,84.61,123.09,91,24.07,121
2/12/15,110.89,129.52,84.64,123.23,90.99,24.1,121.31
2/13/15,110.76,128.19,84.64,123.09,91.12,24.02,120.83
2/17/15,110.31,126.26,84.6,122.64,91.06,24.12,120.27
2/18/15,110.62,127.01,84.7,123.08,91.37,24.11,120.7
2/19/15,110.53,126.17,84.65,122.86,91.16,24.14,120.68
2/20/15,110.55,126.54,84.64,122.77,91.41,24.16,120.86
2/23/15,110.75,127.99,84.68,123.06,91.48,24.14,121.27
2/24/15,111.24,129.67,84.75,123.54,91.57,24.17,122.06
2/25/15,111.32,130.23,84.75,123.59,91.87,24.14,122.17
2/26/15,110.92,128.45,84.67,123.11,91.85,24.18,121.51
2/27/15,111.2,129.53,84.7,123.33,91.87,24.19,121.8
3/2/15,110.45,126.87,84.6,122.79,91.46,24.16,120.42
3/3/15,110.31,126.41,84.58,122.64,91.2,24.1,120.35
3/4/15,110.37,126.45,84.6,122.76,91.03,24.1,120.27
3/5/15,110.42,126.29,84.63,122.86,91.2,24.14,120.43
3/6/15,109.7,123.5,84.54,122.17,90.62,24.1,119.15
3/9/15,109.98,124.64,84.58,122.47,90.43,24.14,119.63
3/10/15,110.24,126.28,84.6,122.7,90.08,24.13,119.82
3/11/15,110.46,127.2,84.6,122.77,90.33,24.13,120.43
3/12/15,110.55,127.11,84.62,122.87,90.51,24.16,120.31
3/13/15,110.34,126.72,84.63,122.84,90.2,24.06,119.97
3/16/15,110.58,127.94,84.64,123,90.11,23.99,120.09
3/17/15,110.56,129,84.62,123.09,89.66,23.97,120.29
3/18/15,111.37,131.49,84.82,123.97,90.46,24.06,121.77
3/19/15,110.98,130.82,84.71,123.52,89.74,24.03,121.15
3/20/15,111.32,131.51,84.77,123.91,90.44,24.01,121.49
3/23/15,111.34,131.35,84.8,124,90.51,24.01,121.77
3/24/15,111.64,132.62,84.83,124.2,90.65,24,121.95
3/25/15,111.43,131.5,84.81,123.94,90.41,24.03,121.55
3/26/15,111.03,129.45,84.77,123.65,90.4,24.04,120.8
3/27/15,111.19,131.06,84.82,123.86,90.47,24.04,121.28
3/30/15,111.24,130.41,84.81,123.94,90.72,24.13,121.49
3/31/15,111.43,130.69,84.88,124.17,90.61,24.09,121.71
4/1/15,111.58,132.13,84.88,124.29,90.39,24.15,121.73
4/2/15,111.43,130.73,84.87,124.2,90.46,24.18,121.53
4/6/15,111.5,130,84.94,124.45,90.69,24.18,121.69
4/7/15,111.52,131.09,84.88,124.33,91.17,24.21,122.13
4/8/15,111.53,131.13,84.88,124.29,91.15,24.24,122.09
4/9/15,111.25,129.43,84.85,124.02,91.06,24.25,121.47
4/10/15,111.25,129.62,84.83,123.98,91.27,24.28,121.64
4/13/15,111.37,129.8,84.88,124.15,91.1,24.27,121.6
4/14/15,111.49,130.72,84.92,124.33,91.14,24.26,121.88
4/15/15,111.64,130.61,84.92,124.39,91.5,24.22,121.96
4/16/15,111.58,129.96,84.96,124.56,91.31,24.22,121.89
4/17/15,111.67,131.45,84.92,124.52,91.03,24.13,122.22
4/20/15,111.59,130.29,84.91,124.48,91.23,24.17,121.93
4/21/15,111.47,129.7,84.92,124.39,91.29,24.12,121.9
4/22/15,111.14,127.72,84.85,124.02,91.2,24.19,121.11
4/23/15,111.31,128.27,84.89,124.2,91.17,24.19,121.42
4/24/15,111.5,129.07,84.92,124.49,91.32,24.19,121.65
4/27/15,111.54,129.07,84.91,124.35,91.35,24.18,121.56
4/28/15,111.11,127.29,84.87,124.05,91.21,24.18,120.84
4/29/15,110.86,125.73,84.88,123.93,91.04,24.19,119.84
4/30/15,110.86,125.95,84.87,123.9,90.99,24.18,119.94
5/1/15,110.34,124,84.8,123.37,90.79,24.24,118.95
5/4/15,110.13,122.83,84.8,123.34,90.77,24.25,118.57
5/5/15,110.03,122.66,84.78,123.23,90.65,24.08,118.37
5/6/15,109.66,120.56,84.75,122.98,90.38,24.14,117.86
5/7/15,109.93,122.18,84.72,123.12,90.37,24.17,118.33
5/8/15,110.29,122.51,84.84,123.53,91.08,24.19,119.01
5/11/15,109.59,119.53,84.76,122.98,90.51,24.22,117.81
5/12/15,109.58,119.84,84.77,123.03,90.5,24.18,117.64
5/13/15,109.57,118.88,84.81,123.04,90.37,24.15,117.53
5/14/15,109.74,119.2,84.89,123.35,90.81,24.2,117.93
5/15/15,110.2,121.59,84.89,123.66,91.01,24.12,118.75
5/18/15,109.78,119.55,84.84,123.32,90.86,24.14,117.84
5/19/15,109.4,118.49,84.79,122.91,90.72,24.09,117.21
5/20/15,109.57,118.69,84.82,123.13,90.61,24.09,117.35
5/21/15,109.91,120.35,84.85,123.45,90.74,24.14,117.91
5/22/15,109.79,120.4,84.79,123.29,90.81,24.14,117.83
5/26/15,110.06,122.46,84.8,123.48,90.62,24.09,118.35
5/27/15,110.17,122.74,84.81,123.46,90.82,24.1,118.47
5/28/15,110.13,122.44,84.85,123.6,90.78,24.09,118.22
5/29/15,110.17,122.71,84.87,123.68,90.91,24.14,118.27
6/1/15,109.66,121.13,84.78,123.25,90.66,24.16,117.28
6/2/15,109.23,119.44,84.77,122.92,90.49,24.12,116.68
6/3/15,108.8,117.52,84.74,122.46,90,24.09,115.93
6/4/15,109.03,119.05,84.75,122.69,89.71,24.04,116.53
6/5/15,108.55,117.6,84.67,122.19,89.44,23.99,115.94
6/8/15,108.71,117.47,84.72,122.39,89.44,23.97,115.86
6/9/15,108.4,116.54,84.68,122.15,89.29,23.97,115.34
6/10/15,108.13,115.52,84.66,121.92,89.41,23.97,115.03
6/11/15,108.71,117.95,84.68,122.33,89.59,23.98,116.05
6/12/15,108.58,117.95,84.66,122.28,89.26,23.95,115.85
6/15/15,108.71,118.14,84.7,122.49,88.84,23.83,115.83
6/16/15,108.89,119.07,84.73,122.68,89.34,23.85,116.12
6/17/15,108.9,118.15,84.79,122.9,89.26,23.82,116.11
6/18/15,108.87,117.57,84.81,122.88,89.59,23.83,115.9
6/19/15,109.21,119.08,84.83,123.19,89.64,23.81,116.52
6/22/15,108.67,116.65,84.77,122.71,89.82,23.85,115.6
6/23/15,108.42,115.95,84.75,122.56,89.76,23.83,115.34
6/24/15,108.59,116.95,84.79,122.74,89.52,23.85,115.66
6/25/15,108.47,116.54,84.77,122.53,89.25,23.85,115.47
6/26/15,108.21,115.23,84.72,122.33,88.99,23.86,114.94
6/29/15,108.85,118.28,84.86,123.04,88.38,23.74,115.94
6/30/15,108.78,117.46,84.86,122.96,88.8,23.79,115.72
7/1/15,108.29,115.62,84.75,122.49,88.42,23.82,115.02
7/2/15,108.44,116,84.88,122.85,88.75,23.83,115.46
7/6/15,108.83,118.15,84.9,123.27,88.46,23.85,115.92
7/7/15,108.98,119.26,84.89,123.41,88.53,23.91,116.4
7/8/15,109.24,120.29,84.98,123.62,88.09,23.87,116.56
7/9/15,108.84,117.92,84.92,123.21,88.29,23.84,115.79
7/10/15,108.38,116.05,84.84,122.79,88.8,23.9,115.05
7/13/15,108.22,115.69,84.8,122.56,88.88,23.94,114.8
7/14/15,108.4,116.07,84.84,122.79,88.79,23.95,114.9
7/15/15,108.69,117.3,84.87,123.03,88.79,23.85,115.2
7/16/15,108.78,118.11,84.83,122.92,88.93,23.89,115.38
7/17/15,108.79,118.72,84.81,122.84,88.69,23.92,115.46
7/20/15,108.6,118.22,84.76,122.65,88.28,23.9,115.19
7/21/15,108.78,118.86,84.77,122.83,88.12,23.85,115.43
7/22/15,108.83,119.6,84.76,122.82,87.55,23.82,115.58
7/23/15,109.14,121.09,84.77,123.06,87.5,23.7,115.92
7/24/15,109.12,121.39,84.79,123.13,87.25,23.66,115.87
7/27/15,109.26,122.04,84.85,123.43,86.88,23.64,115.88
7/28/15,109.15,121.15,84.83,123.32,87.35,23.69,115.79
7/29/15,109.06,120.7,84.81,123.18,87.86,23.69,115.69
7/30/15,109.07,121.63,84.77,123.18,88.12,23.68,115.75
7/31/15,109.5,122.53,84.86,123.65,87.97,23.69,116.35
8/3/15,109.4,123.55,84.85,123.6,87.41,23.64,116.29
8/4/15,109.08,122.57,84.72,123.14,87.46,23.63,115.7
8/5/15,108.88,121.65,84.73,122.91,87.34,23.61,115.25
8/6/15,109.01,122.73,84.75,123.09,86.98,23.61,115.47
8/7/15,109.2,124.34,84.71,123.3,86.71,23.57,115.87
8/10/15,109.06,122.8,84.71,123.13,86.96,23.58,115.41
8/11/15,109.42,124.75,84.82,123.58,86.56,23.56,115.89
8/12/15,109.35,124.07,84.82,123.64,86.44,23.5,115.71
8/13/15,109.12,123.67,84.75,123.34,86.33,23.46,115.31
8/14/15,109.07,123.96,84.71,123.23,86.38,23.42,115.42
8/17/15,109.26,124.52,84.76,123.42,86.38,23.47,115.79
8/18/15,109.06,123.54,84.75,123.34,86.27,23.48,115.35
8/19/15,109.4,124.76,84.83,123.79,86.19,23.43,115.91
8/20/15,109.57,126.02,84.8,123.86,85.77,23.37,115.98
8/21/15,109.76,126.4,84.89,124.15,85.46,23.31,116.01
8/24/15,109.72,126.36,84.93,124.45,84.76,23.1,115.69
8/25/15,109.46,124.33,84.89,124.08,84.93,23.18,115.1
8/26/15,108.95,121.93,84.84,123.76,85.64,23.26,115.03
8/27/15,109.1,122,84.85,123.73,86.28,23.35,115.14
8/28/15,109,122.36,84.81,123.65,86.36,23.35,115.35
8/31/15,108.92,121.42,84.78,123.45,86.24,23.38,115.06
9/1/15,109.02,122.03,84.77,123.59,85.58,23.31,115.42
9/2/15,108.88,120.98,84.79,123.53,85.93,23.36,115.25
9/3/15,109.04,121.57,84.79,123.7,86.05,23.42,115.8
9/4/15,109.27,122.68,84.8,123.8,85.96,23.43,116.06
9/8/15,109.01,120.87,84.77,123.52,86.43,23.47,115.52
9/9/15,109.05,121.45,84.75,123.58,86.32,23.44,115.77
9/10/15,108.93,120.63,84.78,123.5,86.53,23.44,115.54
9/11/15,109.06,121.39,84.81,123.69,86.5,23.44,115.62
9/14/15,109.09,121.58,84.79,123.76,86.35,23.43,115.61
9/15/15,108.6,119.25,84.67,123.22,86.33,23.38,114.74
9/16/15,108.51,118.8,84.66,123.2,86.02,23.37,114.95
9/17/15,109.19,120.25,84.85,123.89,86.09,23.37,115.9
9/18/15,109.28,122.1,84.89,124.15,85.85,23.26,116.25
9/21/15,108.99,120.11,84.84,123.83,85.69,23.26,115.66
9/22/15,109.25,121.78,84.89,124.15,85.07,23.17,116.16
9/23/15,109.16,121.77,84.86,124.06,84.92,23.18,116.09
9/24/15,109.3,122.6,84.91,124.18,84.5,23.18,116.11
9/25/15,109.11,121.54,84.87,124.04,84.07,23.18,115.76
9/28/15,109.37,123.62,84.93,124.35,82.78,23.03,115.96
9/29/15,109.54,123.97,84.97,124.56,82.77,23.04,116.11
9/30/15,109.58,123.54,84.99,124.65,83.29,23.04,116.09
10/1/15,109.46,123.81,84.95,124.53,82.36,23.02,115.73
10/2/15,109.79,124.56,85.07,124.97,82.44,23.05,116.24
10/5/15,109.38,122.87,85.01,124.66,83.43,23.12,115.93
10/6/15,109.65,123.4,85,124.76,83.89,23.11,116.16
10/7/15,109.57,122.99,84.98,124.55,84.75,23.13,116.57
10/8/15,109.42,121.96,84.96,124.38,85.1,23.16,116.11
10/9/15,109.33,122.28,84.96,124.33,85.11,23.16,116.16
10/12/15,109.61,123.21,84.94,124.57,84.95,23.13,116.63
10/13/15,109.62,123.42,84.97,124.65,84.75,23.15,116.54
10/14/15,110.03,124.5,85.09,125.12,84.69,23.14,117
10/15/15,109.88,123.89,85.04,124.82,84.89,23.05,116.95
10/16/15,109.77,123.93,85,124.74,85.28,23.08,116.99
10/19/15,109.88,123.59,85.03,124.75,85.51,23.06,116.98
10/20/15,109.66,122.83,84.98,124.51,85.59,23.13,116.76
10/21/15,109.92,124.05,85.01,124.62,85.5,23.11,117.34
10/22/15,109.94,124.26,85.04,124.77,85.53,23.08,117.59
10/23/15,109.75,123.2,84.97,124.37,85.83,23.08,117.16
10/26/15,109.8,124.02,84.97,124.5,85.74,23.06,117.37
10/27/15,109.96,124.33,85,124.67,85.46,23.03,117.4
10/28/15,109.63,123.83,84.89,124.18,85.69,23.02,116.94
10/29/15,109.16,121.86,84.83,123.85,85.47,23,116.12
10/30/15,109.45,122.78,84.83,123.91,85.57,23,116.42
11/2/15,109.02,121.95,84.74,123.51,85.44,22.99,115.59
11/3/15,108.82,120.95,84.73,123.39,85.53,22.99,115.6
11/4/15,108.82,121.09,84.64,123.15,85.28,22.96,115.47
11/5/15,108.77,120.77,84.64,123.1,84.95,22.98,115.5
11/6/15,108.25,119,84.56,122.63,84.54,22.95,114.75
11/9/15,108.18,118.33,84.54,122.52,84.19,22.92,114.56
11/10/15,108.38,118.68,84.58,122.75,84,22.94,114.85
11/11/15,108.24,118.43,84.56,122.72,83.8,22.88,114.84
11/12/15,108.34,119,84.59,122.76,83.24,22.86,114.8
11/13/15,108.55,119.68,84.66,123.06,83,22.73,115.14
11/16/15,108.64,119.57,84.66,123.14,83.39,22.78,115.16
11/17/15,108.72,119.77,84.63,123.09,83.45,22.76,115.28
11/18/15,108.64,120.02,84.6,122.97,83.61,22.76,115.31
11/19/15,108.69,120.82,84.58,123.08,82.86,22.73,115.65
11/20/15,108.62,120.45,84.58,123.01,82.84,22.65,115.63
11/23/15,108.65,120.82,84.57,123.08,82.77,22.68,115.67
11/24/15,108.75,120.81,84.57,123.16,82.88,22.71,115.71
11/25/15,108.8,121.09,84.58,123.15,82.97,22.66,115.82
11/27/15,108.77,120.97,84.6,123.25,83.1,22.68,115.86
11/30/15,108.81,121.45,84.57,123.25,83.05,22.69,115.91
12/1/15,108.82,122.83,84.58,123.43,83.24,22.71,116.45
12/2/15,108.69,122.87,84.51,123.19,83.07,22.77,116.17
12/3/15,107.89,119.53,84.51,122.64,82.85,22.8,114.63
12/4/15,108.24,120.58,84.53,122.81,82.66,22.79,115.25
12/7/15,108.4,121.75,84.52,122.98,82.08,22.72,115.45
12/8/15,108.44,121.81,84.51,123.06,81.06,22.51,115.3
12/9/15,108.44,121.68,84.54,123.22,81.48,22.47,115.27
12/10/15,108.42,121.84,84.49,123.04,81.14,22.51,115
12/11/15,108.69,123.76,84.59,123.59,79.52,22.29,115.2
12/14/15,108.18,122.16,84.49,123.12,78.83,22.07,114.35
12/15/15,108.19,121.44,84.48,122.9,80.12,22.15,114.36
12/16/15,108,121.18,84.41,122.69,80.73,22.23,114.34
12/17/15,108.15,122.55,84.41,122.86,79.83,22.19,114.47
12/18/15,108.38,123.23,84.52,123.13,79.53,22.17,114.47
12/21/15,108.28,123.2,84.51,123.17,79.28,22.22,114.55
12/22/15,108.2,122.31,84.49,122.96,80.24,22.32,114.4
12/23/15,108.18,121.39,84.46,122.81,80.75,22.37,114.5
12/24/15,108.01,121.83,84.45,122.73,80.49,22.36,114.55
12/28/15,108.01,122.19,84.4,122.78,80.01,22.34,114.41
12/29/15,107.74,120.16,84.38,122.45,80.47,22.41,113.82
12/30/15,107.72,120.04,84.4,122.48,80.53,22.43,113.82
12/31/15,108.01,120.58,84.36,122.61,80.58,22.4,114.01
1/4/16,107.97,121.45,84.47,122.86,80.1,22.41,113.95
1/5/16,108.02,120.96,84.42,122.91,80.25,22.36,114.01
1/6/16,108.43,122.59,84.47,123.27,80.25,22.32,114.46
1/7/16,108.42,122.81,84.5,123.55,79.73,22.29,114.55
1/8/16,108.66,123.36,84.56,123.8,79.52,22.31,114.64
1/11/16,108.35,122.01,84.59,123.65,79.4,22.36,114.27
1/12/16,108.59,123.77,84.6,123.88,79.48,22.41,114.53
1/13/16,108.84,124.99,84.65,124.13,78.6,22.38,114.88
1/14/16,108.8,123.82,84.67,124.1,78.95,22.29,114.31
1/15/16,108.93,125.75,84.74,124.44,77.91,22.05,114.14
1/19/16,108.82,125.36,84.73,124.32,77.64,22.07,113.63
1/20/16,108.91,126.68,84.79,124.65,77.12,22.03,113.8
1/21/16,108.76,125.82,84.78,124.53,77.64,22.04,113.47
1/22/16,108.84,125.34,84.75,124.35,78.83,22.19,113.54
1/25/16,108.78,126.02,84.75,124.48,78.05,22.16,113.42
1/26/16,108.92,126.08,84.79,124.59,78.75,22.14,113.74
1/27/16,108.94,126.05,84.81,124.67,78.63,22.1,113.43
1/28/16,109.03,126.23,84.81,124.82,79.03,22.15,113.56
1/29/16,109.35,127.3,84.91,125.24,79.29,22.18,114.15
2/1/16,108.99,126.67,84.82,124.87,78.43,22.11,113.45
2/2/16,109.32,129.02,84.93,125.38,77.87,22.09,113.66
2/3/16,109.31,127.95,84.95,125.41,78.25,22.12,113.38
2/4/16,109.42,128.57,84.97,125.53,78,22.1,113.43
2/5/16,109.32,128.72,84.95,125.54,77.41,22.07,113.41
2/8/16,109.74,131.49,85.05,126.03,76.5,22,114
2/9/16,109.73,131.63,85.02,125.99,76.21,22,113.61
2/10/16,110,132.79,85.02,126.14,76.1,21.97,113.75
2/11/16,110.07,133.72,85.1,126.34,75.59,21.89,114.13
2/12/16,109.77,131.5,85,125.9,76.72,21.81,113.49
2/16/16,109.5,130.11,84.95,125.74,76.79,21.77,112.95
2/17/16,109.44,129.31,84.97,125.56,77.42,21.84,112.92
2/18/16,109.77,130.9,85.04,125.85,77.49,21.82,113.84
2/19/16,109.79,131.01,84.96,125.74,77.64,21.85,113.76
2/22/16,109.82,130.94,84.97,125.71,78.31,21.97,113.99
2/23/16,109.84,131.47,84.98,125.81,78.15,22.01,114.22
2/24/16,109.88,131.21,85,125.85,78.28,22.02,114.33
2/25/16,110.16,131.68,85.02,126.07,78.7,22.04,114.97
2/26/16,109.96,130.41,84.91,125.73,79.23,22.07,114.93
2/29/16,110.09,130.98,84.96,125.78,80.08,22.12,115.01
3/1/16,109.54,128.43,84.8,125.07,80.92,22.24,114.05
3/2/16,109.42,128.96,84.79,124.96,80.37,22.23,114.28
3/3/16,109.55,129.43,84.82,124.97,80.64,22.34,114.82
3/4/16,109.38,128.6,84.76,124.79,80.87,22.4,114.8
3/7/16,109.35,128.56,84.7,124.6,80.97,22.48,114.93
3/8/16,109.62,129.98,84.76,125,80.4,22.47,115.54
3/9/16,109.57,129.19,84.73,124.78,80.6,22.52,115.41
3/10/16,109.62,128.66,84.72,124.45,81.16,22.55,115.89
3/11/16,109.42,127.36,84.64,124.28,82.14,22.63,116.22
3/14/16,109.48,127.76,84.64,124.26,81.91,22.61,116.56
3/15/16,109.38,127.88,84.67,124.27,81.15,22.54,116.52
3/16/16,109.85,128.26,84.84,124.79,81.69,22.63,117.08
3/17/16,110.08,128.79,84.83,124.88,82.21,22.7,117.44
3/18/16,110.17,129.06,84.85,125.14,82.4,22.72,117.71
3/21/16,109.93,128.07,84.84,124.87,82.31,22.71,117.57
3/22/16,109.86,128.04,84.79,124.73,82.09,22.75,117.35
3/23/16,110.1,129.49,84.84,125.03,81.71,22.63,117.94
3/24/16,110.11,129.54,84.8,124.96,81.35,22.51,117.89
3/28/16,110.19,129.71,84.82,125.02,80.98,22.55,117.96
3/29/16,110.52,131.07,84.98,125.56,81.29,22.56,118.49
3/30/16,110.48,129.69,84.99,125.67,81.58,22.64,118.35
3/31/16,110.83,130.61,85.03,125.95,81.69,22.72,118.82
4/1/16,110.51,130.68,84.93,125.71,81.37,22.7,118.87
4/4/16,110.62,130.76,84.99,125.81,81.17,22.55,118.88
4/5/16,110.77,132.19,85.02,126.07,80.87,22.51,119.26
4/6/16,110.75,131.23,84.99,125.96,81.55,22.61,119.16
4/7/16,110.99,132.85,85.04,126.28,81.15,22.59,119.48
4/8/16,110.88,132.01,85.04,126.19,81.52,22.65,119.21
4/11/16,110.96,131.84,85.03,126.19,81.63,22.73,119.2
4/12/16,110.78,130.93,85.01,125.92,82.11,22.83,118.73
4/13/16,110.83,131.39,84.97,125.86,82.65,22.91,119.14
4/14/16,110.64,130.76,84.97,125.71,82.62,22.85,119.06
4/15/16,110.95,131.88,85.03,125.92,82.49,22.74,119.56
4/18/16,110.94,131.31,85.02,125.86,82.96,22.87,119.69
4/19/16,110.93,130.9,84.99,125.71,83.31,22.89,119.91
4/20/16,110.66,129.46,84.93,125.43,83.47,22.92,119.58
4/21/16,110.51,128.69,84.91,125.25,83.21,22.93,119.53
4/22/16,110.52,128.36,84.91,125.22,83.4,22.99,119.66
4/25/16,110.4,127.83,84.89,125.1,83.08,23,119.38
4/26/16,110.35,127.25,84.87,124.99,83.36,23.03,119.33
4/27/16,110.68,128.52,84.93,125.37,83.85,23.07,120.09
4/28/16,110.9,129.05,84.98,125.61,83.71,23.03,120.2
4/29/16,110.89,129.38,85.01,125.63,83.85,23.09,120.33
5/2/16,110.61,127.82,84.93,125.32,83.5,23.1,119.85
5/3/16,110.81,129.43,85.02,125.72,82.96,23.09,120.06
5/4/16,110.86,130.14,85.01,125.86,82.65,23.08,119.86
5/5/16,111.14,131.01,85.04,126.03,82.58,23.07,120.1
5/6/16,110.97,130.45,85.02,125.88,82.53,23.05,119.84
5/9/16,111.04,130.86,85.06,126.09,82.38,23.03,119.72
5/10/16,111.09,130.87,85.08,126.07,83.08,23.05,119.92
5/11/16,111.09,131.61,85.05,126.06,83.02,23.03,120.05
5/12/16,110.99,131.01,85,125.91,83.15,23.01,119.8
5/13/16,111.2,132.28,85.01,126.05,82.78,22.92,120.02
5/16/16,111.01,131.14,84.97,125.8,83.24,22.95,119.62
5/17/16,110.86,131.36,84.94,125.65,83.07,22.93,119.58
5/18/16,110.4,129.49,84.79,125.08,83.08,22.91,118.56
5/19/16,110.47,130.05,84.81,125.14,82.85,22.97,118.84
5/20/16,110.54,130.15,84.84,125.25,83.14,22.97,118.92
5/23/16,110.52,130.44,84.83,125.24,83.16,23.01,118.92
5/24/16,110.46,129.86,84.77,125.07,83.66,23.03,118.72
5/25/16,110.48,129.37,84.82,125.03,83.79,23.05,118.93
5/26/16,110.65,130.04,84.87,125.36,83.55,23.03,119.27
5/27/16,110.63,129.85,84.82,125.1,83.69,23.05,119.18
5/31/16,110.7,130.16,84.86,125.22,83.61,23.07,119.39
6/1/16,110.42,130.42,84.75,125.01,83.34,23.1,119.14
6/2/16,110.7,131.36,84.82,125.2,83.36,23.09,119.38
6/3/16,111.3,133.23,84.96,125.94,83.51,23.1,120.34
6/6/16,111.15,132.24,84.94,125.79,83.88,23.09,120.05
6/7/16,111.25,132.56,84.96,125.92,84.25,23.08,120.23
6/8/16,111.29,133.27,84.98,125.94,84.57,23.12,120.63
6/9/16,111.37,134.13,85,126.03,84.24,23.11,120.8
6/10/16,111.52,134.78,85.05,126.28,83.83,23.07,120.94
6/13/16,111.61,135.38,85.07,126.51,83.27,23.03,120.76
6/14/16,111.56,135.28,85.08,126.49,82.99,23,120.49
6/15/16,111.8,135.8,85.18,126.83,83.03,22.93,120.94
6/16/16,111.87,136.46,85.13,126.79,83.08,22.84,121.12
6/17/16,111.79,135.61,85.14,126.67,83.13,22.82,120.76
6/20/16,111.48,134.16,85.09,126.32,83.62,22.94,120.61
6/21/16,111.4,133.54,85.03,126.18,83.94,22.99,120.5
6/22/16,111.47,133.76,85.06,126.33,84.02,22.94,120.72
6/23/16,111.28,132.23,85.03,125.97,84.64,22.97,120.6
6/24/16,111.86,135.78,85.2,126.92,83.25,22.81,121.17
6/27/16,112.33,139.17,85.28,127.44,82.05,22.7,121.68
6/28/16,112.47,139.46,85.31,127.45,83.08,22.87,122.35
6/29/16,112.39,138.39,85.28,127.21,84.13,22.93,122.31
6/30/16,112.62,138.9,85.32,127.35,84.7,22.97,122.74
7/1/16,112.65,140.57,85.3,127.41,84.47,22.96,123.05
7/5/16,112.95,142.33,85.34,127.67,83.99,22.95,123.47
7/6/16,113.16,142.56,85.3,127.62,84.36,22.99,123.69
7/7/16,113.08,142.55,85.26,127.59,84.47,22.98,123.71
7/8/16,113.25,143.6,85.26,127.62,85.59,23.09,124.4
7/11/16,112.95,142.34,85.17,127.18,85.64,23.1,124.08
7/12/16,112.61,140,85.14,126.85,85.88,23.14,123.38
7/13/16,112.77,141.65,85.16,126.97,85.63,23.17,123.86
7/14/16,112.67,139.59,85.11,126.76,85.8,23.17,123.56
7/15/16,112.26,138.39,85.07,126.52,85.63,23.05,123.09
7/18/16,112.32,138.26,85.12,126.55,85.92,23.15,123.09
7/19/16,112.51,139.04,85.13,126.73,85.69,23.13,123.31
7/20/16,112.41,138.28,85.09,126.58,85.91,23.15,123.27
7/21/16,112.51,138.56,85.15,126.8,85.79,23.19,123.41
7/22/16,112.53,138.8,85.12,126.68,86.17,23.19,123.34
7/25/16,112.4,138.7,85.06,126.55,85.76,23.21,123.27
7/26/16,112.4,138.92,85.07,126.58,85.43,23.18,123.15
7/27/16,112.73,140.65,85.13,126.89,85.69,23.21,123.66
7/28/16,112.72,140.39,85.12,126.97,85.33,23.2,123.54
7/29/16,113.02,141.56,85.23,127.29,85.41,23.2,123.99
8/1/16,112.55,139.77,85.15,126.96,84.55,23.17,122.97
8/2/16,112.22,138.33,85.12,126.83,84.43,23.09,122.28
8/3/16,112.34,138.41,85.13,126.94,84.81,23.11,122.44
8/4/16,112.55,139.45,85.19,127.12,85.35,23.17,122.96
8/5/16,112.17,138,85.07,126.54,85.54,23.18,122.46
8/8/16,112.24,138.26,85.04,126.48,85.89,23.21,122.54
8/9/16,112.53,139.62,85.09,126.75,86.19,23.24,123.26
8/10/16,112.66,140.16,85.13,126.93,86.03,23.22,123.61
8/11/16,112.36,138.91,85.05,126.52,86.24,23.23,123.2
8/12/16,112.63,140.08,85.11,126.83,86.31,23.25,123.76
8/15/16,112.43,138.76,85.09,126.62,86.57,23.17,123.38
8/16/16,112.36,138.39,85.06,126.44,86.39,23.15,123.16
8/17/16,112.57,139.22,85.06,126.56,86.51,23.2,123.5
8/18/16,112.73,139.44,85.12,126.73,86.85,23.18,123.8
8/19/16,112.48,138.71,85.04,126.43,86.59,23.16,123.43
8/22/16,112.65,139.88,85.05,126.61,86.45,23.18,123.85
8/23/16,112.68,140.03,85.06,126.62,86.74,23.17,123.99
8/24/16,112.64,139.7,85.04,126.62,86.5,23.18,123.91
8/25/16,112.52,139.17,85.01,126.43,86.66,23.18,123.79
8/26/16,112.34,138.36,84.93,126.07,86.56,23.18,123.4
8/29/16,112.65,140.21,84.98,126.38,86.99,23.23,124.1
8/30/16,112.59,139.67,84.99,126.37,87.04,23.23,123.94
8/31/16,112.57,139.87,84.98,126.24,86.7,23.23,123.89
9/1/16,112.46,139.77,84.97,126.26,86.5,23.21,123.57
9/2/16,112.31,138.63,84.97,126.15,86.9,23.23,123.35
9/6/16,112.55,139.64,85.03,126.57,87,23.25,123.78
9/7/16,112.61,139.54,85.03,126.54,86.76,23.24,123.61
9/8/16,112.22,137.79,84.97,126.21,86.6,23.25,122.74
9/9/16,111.73,135.52,84.94,125.95,85.77,23.22,121.82
9/12/16,111.82,135.59,84.97,126.05,86.07,23.27,121.83
9/13/16,111.51,134.05,84.94,125.87,85.41,23.2,121.43
9/14/16,111.65,134.25,84.99,126.05,85.39,23.19,121.51
9/15/16,111.72,133.67,85.06,126.2,85.89,23.15,121.59
9/16/16,111.8,134.75,85.02,126.19,85.91,23.13,121.73
9/19/16,111.71,134.31,85,126.09,85.96,23.14,121.69
9/20/16,111.75,134.78,84.98,126.15,85.86,23.14,121.85
9/21/16,112.03,135.87,85,126.21,86.57,23.18,122.47
9/22/16,112.26,136.95,84.98,126.31,86.86,23.18,122.97
9/23/16,112.23,136.82,85.03,126.4,86.76,23.18,122.88
9/26/16,112.37,137.69,85.08,126.61,86.38,23.18,123.07
9/27/16,112.51,138.7,85.09,126.7,86.63,23.2,123.37
9/28/16,112.54,138.4,85.08,126.61,87.21,23.24,123.45
9/29/16,112.54,138.75,85.11,126.71,86.88,23.2,123.4
9/30/16,112.42,137.51,85.04,126.54,87.26,23.21,123.18
10/3/16,112.09,136.81,84.98,126.26,86.82,23.21,122.51
10/4/16,111.71,135.21,84.91,125.98,86.67,23.19,121.94
10/5/16,111.56,134.58,84.86,125.85,86.9,23.2,121.81
10/6/16,111.56,133.83,84.86,125.62,86.95,23.21,121.82
10/7/16,111.58,133.92,84.89,125.74,87.15,23.22,122.11
10/10/16,111.53,133.13,84.85,125.55,87.4,23.22,122.11
10/11/16,111.36,132.83,84.84,125.52,86.91,23.22,121.73
10/12/16,111.4,132.96,84.84,125.54,86.88,23.21,121.89
10/13/16,111.56,133.46,84.87,125.75,86.66,23.24,122.19
10/14/16,111.37,131.59,84.85,125.62,86.86,23.14,121.62
10/17/16,111.56,132.43,84.92,125.78,86.74,23.15,122.02
10/18/16,111.74,132.86,84.95,125.93,87.09,23.16,122.32
10/19/16,111.8,132.97,84.95,125.95,87.34,23.18,122.48
10/20/16,111.76,133.11,84.91,125.85,87.35,23.19,122.44
10/21/16,111.83,133.31,84.93,125.88,87.37,23.2,122.51
10/24/16,111.66,132.73,84.9,125.77,87.42,23.21,122.16
10/25/16,111.66,133.08,84.9,125.77,87.37,23.22,122.07
10/26/16,111.44,132.18,84.87,125.65,87.02,23.18,121.56
10/27/16,111.16,130.74,84.89,125.44,86.7,23.16,121.01
10/28/16,111.16,130.45,84.89,125.56,86.28,23.2,120.87
10/31/16,111.3,131.25,84.95,125.62,86.02,23.18,120.98
11/1/16,111.03,131.01,84.9,125.59,85.3,23.15,120.51
11/2/16,111.16,131.58,84.95,125.79,84.92,23.06,120.69
11/3/16,111.01,130.57,84.96,125.81,84.94,23.02,120.45
11/4/16,111.24,131.74,84.99,126.02,84.98,22.98,120.81
11/7/16,111.11,130.62,84.96,125.7,86.17,23.08,120.73
11/8/16,110.93,130.09,84.87,125.41,85.98,23.07,120.46
11/9/16,109.9,124.57,84.76,124.56,85.38,23.07,118.69
11/10/16,109.45,122.73,84.73,124.24,84.26,23.02,118.59
11/11/16,109.25,122.04,84.73,124.03,83.47,23.02,118.08
11/14/16,108.81,121.31,84.6,123.61,84.09,23.06,117.47
11/15/16,108.89,121.91,84.63,123.55,85.2,23.05,117.83
11/16/16,109.13,123.01,84.62,123.55,84.86,23.04,118
11/17/16,108.72,121.2,84.61,123.3,84.63,23.05,117.25
11/18/16,108.37,120.85,84.56,123,84.63,23.05,116.59
11/21/16,108.46,121.15,84.55,123.02,85.31,23.11,116.71
11/22/16,108.56,121.11,84.53,123.14,85.94,23.16,117.01
11/23/16,108.18,120.64,84.48,122.77,85.62,23.1,116.58
11/25/16,108.17,120.82,84.47,122.79,85.73,23.07,116.59
11/28/16,108.55,121.71,84.52,123.04,85.72,23.11,117.12
11/29/16,108.67,122.22,84.53,123.12,85.61,23.11,117.28
11/30/16,108.24,120.24,84.5,122.74,85.65,23.14,116.84
12/1/16,107.68,118.73,84.41,122.39,84.87,23.19,115.87
12/2/16,108.02,119.6,84.5,122.76,85.38,23.22,116.4
12/5/16,108.11,119.47,84.5,122.67,85.6,23.26,116.65
12/6/16,108.09,119.38,84.48,122.77,86.03,23.29,116.64
12/7/16,108.37,120.4,84.51,123,86.46,23.32,117.13
12/8/16,108.17,118.98,84.5,122.81,86.45,23.32,116.65
12/9/16,107.84,117.5,84.49,122.5,86.49,23.32,116.2
12/12/16,107.74,117.72,84.46,122.52,86.37,23.33,116.09
12/13/16,107.88,118.14,84.45,122.49,86.58,23.36,116.35
12/14/16,107.29,116.82,84.29,121.78,85.93,23.36,115.61
12/15/16,107.16,117.41,84.25,121.52,85.97,23.3,115.69
12/16/16,107.23,117.14,84.29,121.66,86.05,23.29,115.6
12/19/16,107.51,118.4,84.33,121.99,86.27,23.32,116.16
12/20/16,107.41,117.81,84.34,121.89,86.39,23.33,116.09
12/21/16,107.64,118.33,84.38,121.97,86.54,23.32,116.46
12/22/16,107.39,117.81,84.34,121.83,86.44,23.32,116.15
12/23/16,107.42,118.05,84.34,121.94,86.6,23.33,116.33
12/27/16,107.34,117.67,84.3,121.78,86.52,23.34,116.12
12/28/16,107.51,118.53,84.33,122.04,86.4,23.35,116.55
12/29/16,107.84,118.95,84.42,122.33,86.52,23.35,117
12/30/16,108.06,119.13,84.45,122.51,86.55,23.36,117.18
1/3/17,108.17,119.64,84.38,122.48,86.91,23.39,117.28
1/4/17,108.2,120.1,84.4,122.56,87.38,23.39,117.68
1/5/17,108.65,121.98,84.46,122.93,87.25,23.38,118.31
1/6/17,108.29,120.86,84.39,122.59,87.23,23.42,117.69
1/9/17,108.47,121.83,84.46,122.83,87.21,23.39,117.92
1/10/17,108.44,121.75,84.43,122.85,87.22,23.38,117.85
1/11/17,108.57,122.16,84.47,122.85,87.27,23.37,118.03
1/12/17,108.61,121.89,84.5,122.97,87.29,23.41,118.02
1/13/17,108.42,121.31,84.46,122.78,87.32,23.36,117.78
1/17/17,108.79,122.58,84.52,123.2,87.23,23.35,118.29
1/18/17,108.32,121.01,84.44,122.66,87.31,23.35,117.51
1/19/17,108.04,120.18,84.41,122.47,87.03,23.34,117.11
1/20/17,108.08,119.94,84.46,122.61,87.2,23.33,117.32
1/23/17,108.38,121.14,84.54,122.99,87.2,23.33,117.86
1/24/17,108.21,120.31,84.49,122.73,87.26,23.34,117.51
1/25/17,107.92,118.8,84.47,122.43,87.57,23.35,117.06
1/26/17,107.99,119.2,84.48,122.54,87.53,23.34,117.2
1/27/17,108.08,119.63,84.52,122.6,87.61,23.32,117.34
1/30/17,108.03,119.27,84.52,122.63,87.43,23.32,117.14
1/31/17,108.29,120.1,84.54,122.87,87.34,23.3,117.35
2/1/17,107.92,119.1,84.46,122.57,87.28,23.29,116.89
2/2/17,107.98,119.05,84.49,122.62,87.33,23.29,116.92
2/3/17,108.01,119,84.46,122.67,87.48,23.27,117.05
2/6/17,108.32,119.72,84.55,123.04,87.42,23.29,117.42
2/7/17,108.43,120.6,84.53,123.09,87.29,23.27,117.62
2/8/17,108.74,122.24,84.61,123.37,87.35,23.26,118.03
2/9/17,108.48,120.83,84.54,123,87.47,23.29,117.56
2/10/17,108.46,120.76,84.53,122.94,87.53,23.29,117.53
2/13/17,108.3,120.38,84.51,122.83,87.66,23.29,117.48
2/14/17,108.06,119.51,84.45,122.48,87.72,23.28,117.2
2/15/17,107.89,118.96,84.42,122.36,87.75,23.26,117.11
2/16/17,108.12,119.61,84.46,122.7,87.68,23.27,117.44
2/17/17,108.36,120.32,84.52,122.91,87.77,23.26,117.74
2/21/17,108.35,120.11,84.53,122.85,88.06,23.28,117.79
2/22/17,108.42,120.31,84.55,122.96,88.1,23.29,117.88
2/23/17,108.6,120.67,84.59,123.16,88.18,23.31,118.18
2/24/17,109,122.01,84.63,123.46,88.25,23.32,118.78
2/27/17,108.8,121.29,84.56,123.16,88.36,23.36,118.5
2/28/17,108.77,121.74,84.52,123.05,88.29,23.37,118.58
3/1/17,108.04,119.47,84.4,122.37,88.23,23.41,117.56
3/2/17,107.84,119.04,84.31,122.17,87.95,23.37,117.38
3/3/17,107.92,119.35,84.33,122.27,87.99,23.42,117.5
3/6/17,107.87,118.78,84.35,122.29,87.71,23.4,117.29
3/7/17,107.73,118.42,84.32,122.13,87.14,23.36,116.71
3/8/17,107.47,117.78,84.25,121.93,86.56,23.35,116.35
3/9/17,107.14,116.84,84.24,121.7,86.33,23.3,115.72
3/10/17,107.3,117.25,84.29,121.89,86.3,23.25,116.01
3/13/17,107.12,116.51,84.25,121.74,86.37,23.31,115.62
3/14/17,107.16,117.07,84.24,121.8,86.11,23.29,115.72
3/15/17,107.78,118.5,84.4,122.44,87.3,23.29,116.72
3/16/17,107.66,117.9,84.34,122.22,87.05,23.27,116.55
3/17/17,107.89,118.64,84.38,122.41,87.08,23.25,116.82
3/20/17,108.05,119.15,84.43,122.58,87,23.27,117.1
3/21/17,108.27,120.14,84.47,122.83,86.29,23.18,117.38
3/22/17,108.42,120.62,84.49,122.92,86.5,23.17,117.68
3/23/17,108.45,120.45,84.49,122.87,86.53,23.14,117.6
3/24/17,108.36,120.88,84.49,122.88,86.83,23.2,117.72
3/27/17,108.62,121.43,84.52,123.04,86.74,23.17,117.97
3/28/17,108.37,120.62,84.48,122.79,87.22,23.19,117.72
3/29/17,108.61,121.34,84.53,123.01,87.4,23.22,118.1
3/30/17,108.41,120.36,84.51,122.85,87.81,23.23,117.79
3/31/17,108.49,120.71,84.52,123.05,87.78,23.26,117.91
4/3/17,108.67,121.67,84.54,123.23,87.36,23.28,118.12
4/4/17,108.57,121.01,84.51,123.14,87.39,23.3,117.81
4/5/17,108.69,121.38,84.51,123.39,87.32,23.31,117.96
4/6/17,108.68,121.2,84.53,123.28,87.43,23.31,118.07
4/7/17,108.44,120.71,84.42,122.97,87.39,23.29,117.78
4/10/17,108.58,121.27,84.46,123.12,87.51,23.32,118
4/11/17,108.89,122.42,84.54,123.46,87.34,23.32,118.55
4/12/17,109.13,123.09,84.6,123.69,87.4,23.31,118.94
4/13/17,109.27,123.47,84.64,123.91,87.22,23.23,119.14
4/17/17,109.21,123.09,84.63,123.83,87.48,23.26,118.91
4/18/17,109.65,124.7,84.7,124.25,87.46,23.27,119.61
4/19/17,109.48,124.02,84.66,124.03,87.38,23.22,119.25
4/20/17,109.31,123.54,84.65,123.9,87.67,23.26,119.08
4/21/17,109.34,123.54,84.69,123.99,87.6,23.26,119.08
4/24/17,109.18,122.93,84.6,123.8,88.01,23.27,118.92
4/25/17,108.82,121.45,84.52,123.43,88.17,23.28,118.45
4/26/17,108.96,122.12,84.55,123.61,88.09,23.24,118.74
4/27/17,109.06,122.08,84.58,123.69,88.15,23.24,118.85
4/28/17,109.25,122.35,84.62,123.72,88.12,23.28,118.99
5/1/17,108.73,121.08,84.5,123.48,87.79,23.27,118.3
5/2/17,108.88,121.7,84.53,123.64,87.82,23.27,118.65
5/3/17,108.77,121.78,84.47,123.42,87.9,23.24,118.59
5/4/17,108.68,121.18,84.46,123.28,87.43,23.23,118.36
5/5/17,108.7,121.29,84.49,123.31,87.58,23.23,118.4
5/8/17,108.49,120.63,84.45,123.14,87.68,23.28,118.19
5/9/17,108.5,120.62,84.41,123.08,87.62,23.27,118.21
5/10/17,108.53,120.48,84.43,123.03,88,23.3,118.37
5/11/17,108.52,120.48,84.44,123.14,88.01,23.28,118.43
5/12/17,108.92,121.39,84.54,123.51,87.98,23.3,119.03
5/15/17,108.88,121.06,84.53,123.46,88.18,23.25,119.02
5/16/17,109.02,121.51,84.53,123.53,88.31,23.28,119.19
5/17/17,109.58,123.28,84.62,124.07,87.92,23.27,119.92
5/18/17,109.52,123.42,84.58,123.96,88.02,23.25,119.9
5/19/17,109.52,123.71,84.6,123.96,88.18,23.22,119.97
5/22/17,109.45,123.37,84.57,123.91,88.45,23.28,119.87
5/23/17,109.24,122.54,84.54,123.68,88.44,23.26,119.5
5/24/17,109.43,123.23,84.59,123.93,88.59,23.28,119.69
5/25/17,109.48,123.27,84.59,123.92,88.52,23.3,119.74
5/26/17,109.44,123.48,84.58,123.96,88.57,23.3,119.83
5/30/17,109.65,124.09,84.61,124.11,88.66,23.29,120.11
5/31/17,109.76,124.4,84.62,124.11,88.65,23.31,120.25
6/1/17,109.48,124.15,84.54,123.94,88.53,23.28,119.96
6/2/17,109.84,125.62,84.6,124.22,88.58,23.31,120.52
6/5/17,109.67,124.84,84.53,124.06,88.5,23.27,120.18
6/6/17,109.89,125.52,84.56,124.3,88.36,23.25,120.53
6/7/17,109.76,124.92,84.53,124.12,88.18,23.22,120.38
6/8/17,109.65,124.59,84.51,124.01,88.25,23.23,120.17
6/9/17,109.56,124.4,84.48,123.94,88.32,23.22,120.05
6/12/17,109.56,124.36,84.47,123.93,88.47,23.25,120.08
6/13/17,109.59,124.38,84.47,123.95,88.63,23.26,120.21
6/14/17,109.94,126.3,84.51,124.24,88.64,23.22,121.03
6/15/17,109.87,126.1,84.48,124.06,88.3,23.14,120.74
6/16/17,109.94,126.35,84.52,124.15,88.15,23.15,120.84
6/19/17,109.79,126.17,84.47,123.94,88.42,23.14,120.69
6/20/17,109.96,127.3,84.48,124.06,88.11,23.1,120.96
6/21/17,109.98,127.56,84.49,124.09,87.6,23.04,121.02
6/22/17,110.03,127.84,84.5,124.15,87.84,23.07,121.12
6/23/17,110.05,127.78,84.55,124.18,88.2,23.06,121.18
6/26/17,110.15,128.26,84.55,124.23,88.32,23.1,121.4
6/27/17,109.82,126.89,84.5,123.91,88.04,23.12,120.85
6/28/17,109.86,126.47,84.54,123.98,88.4,23.1,120.98
6/29/17,109.65,125.41,84.49,123.75,88.18,23.08,120.61
6/30/17,109.51,125.12,84.49,123.57,88.39,23.14,120.51
7/3/17,109.09,124.46,84.36,123.18,87.97,23.12,119.93
7/5/17,109.15,124.49,84.39,123.24,87.9,23.13,120.13
7/6/17,108.94,123.46,84.41,123.15,87.68,23.12,119.82
7/7/17,108.9,122.72,84.4,123.1,87.6,23.13,119.72
7/10/17,108.95,122.9,84.44,123.23,87.7,23.15,119.92
7/11/17,109.05,123.11,84.47,123.35,87.64,23.16,119.97
7/12/17,109.38,123.96,84.51,123.57,88.21,23.21,120.5
7/13/17,109.26,123.18,84.47,123.48,88.28,23.2,120.29
7/14/17,109.37,123.33,84.51,123.63,88.53,23.16,120.57
7/17/17,109.42,123.67,84.52,123.67,88.56,23.16,120.68
7/18/17,109.67,124.75,84.54,123.9,88.6,23.17,121.2
7/19/17,109.7,124.8,84.54,123.88,88.75,23.18,121.16
7/20/17,109.73,125.16,84.54,123.88,88.8,23.22,121.27
7/21/17,109.92,125.69,84.58,124.03,88.73,23.24,121.55
7/24/17,109.82,125.2,84.55,123.91,88.8,23.26,121.41
7/25/17,109.43,123.57,84.5,123.56,88.84,23.26,120.69
7/26/17,109.64,123.77,84.56,123.87,88.97,23.27,121.09
7/27/17,109.48,123.16,84.54,123.78,88.9,23.28,120.79
7/28/17,109.7,123.89,84.59,123.92,88.91,23.29,121.11
7/31/17,109.65,124.04,84.58,123.88,88.91,23.27,121.11
8/1/17,109.72,124.64,84.54,123.93,88.63,23.27,121.23
8/2/17,109.64,124.71,84.5,123.83,88.65,23.25,121.04
8/3/17,109.86,126,84.53,124.02,88.48,23.24,121.21
8/4/17,109.68,124.93,84.5,123.88,88.5,23.22,120.74
8/7/17,109.67,125.07,84.53,123.91,88.46,23.22,120.77
8/8/17,109.57,124.62,84.53,123.84,88.08,23.25,120.19
8/9/17,109.67,125.3,84.52,123.95,87.74,23.22,120.31
8/10/17,109.78,126.37,84.55,124.18,87.18,23.15,120.27
8/11/17,109.87,126.43,84.66,124.36,87.33,23.16,120.49
8/14/17,109.82,125.78,84.59,124.17,87.79,23.18,120.41
8/15/17,109.66,125.25,84.55,123.94,87.82,23.1,120.27
8/16/17,109.86,125.71,84.6,124.1,87.83,23.12,120.61
8/17/17,110.02,126.65,84.62,124.31,87.34,23.04,120.73
8/18/17,109.95,126.62,84.61,124.31,87.47,23.05,120.65
8/21/17,110.03,126.93,84.63,124.34,87.56,23.03,120.82
8/22/17,109.93,126.44,84.62,124.2,87.92,23.08,120.7
8/23/17,110.18,127.3,84.7,124.45,87.93,23.06,121.16
8/24/17,110.04,126.83,84.62,124.28,88.06,23.13,120.93
8/25/17,110.12,127.32,84.65,124.38,88.22,23.14,121.21
8/28/17,110.16,127.24,84.62,124.46,88.23,23.14,121.21
8/29/17,110.32,127.65,84.66,124.63,88.12,23.14,121.3
8/30/17,110.3,127.61,84.68,124.56,88.36,23.12,121.4
8/31/17,110.45,127.99,84.68,124.66,88.6,23.14,121.61
9/1/17,109.97,126.75,84.59,124.29,88.32,23.12,120.81
9/5/17,110.42,128.76,84.67,124.81,88.12,23.07,121.56
9/6/17,110.3,127.97,84.66,124.52,88.06,23.09,121.13
9/7/17,110.57,129.28,84.71,124.95,88.07,23.12,121.6
9/8/17,110.44,129,84.69,124.88,87.79,23.09,121.24
9/11/17,110.14,127.46,84.61,124.56,88.07,23.12,120.87
9/12/17,109.98,126.79,84.57,124.3,88.18,23.12,120.74
9/13/17,109.87,126.29,84.55,124.17,88.21,23.1,120.62
9/14/17,109.93,126.81,84.56,124.17,88.33,23.11,120.92
9/15/17,109.91,126.86,84.55,124.08,88.41,23.12,121.02
9/18/17,109.86,126.13,84.5,123.97,88.37,23.05,120.9
9/19/17,109.8,125.82,84.51,123.91,88.46,23.05,120.97
9/20/17,109.71,125.91,84.44,123.66,88.45,23.06,120.82
9/21/17,109.69,125.84,84.42,123.65,88.34,23.1,120.82
9/22/17,109.77,126.2,84.44,123.78,88.43,23.07,120.98
9/25/17,110.03,126.99,84.49,123.96,88.48,23.06,121.43
9/26/17,109.99,126.76,84.47,123.87,88.59,23.09,121.41
9/27/17,109.67,124.85,84.46,123.62,88.63,23.13,120.94
9/28/17,109.68,124.48,84.47,123.69,88.63,23.14,121.12
9/29/17,109.59,124.76,84.45,123.51,88.76,23.16,121.23
10/2/17,109.43,124.28,84.44,123.28,88.35,23.13,121.02
10/3/17,109.52,124.4,84.39,123.44,88.51,23.15,121.29
10/4/17,109.49,124.41,84.55,123.37,88.42,23.14,121.22
10/5/17,109.44,123.94,84.37,123.31,88.53,23.16,121.05
10/6/17,109.28,123.59,84.34,123.22,88.4,23.19,120.95
10/9/17,109.43,123.98,84.34,123.3,88.41,23.17,121.05
10/10/17,109.44,124.18,84.36,123.32,88.48,23.2,121.13
10/11/17,109.46,124.42,84.35,123.35,88.39,23.2,121.07
10/12/17,109.59,124.95,84.34,123.39,88.29,23.22,121.1
10/13/17,109.86,125.85,84.39,123.6,88.33,23.2,121.58
10/16/17,109.75,125.76,84.31,123.4,88.38,23.21,121.41
10/17/17,109.71,125.92,84.32,123.34,88.51,23.24,121.39
10/18/17,109.54,125.09,84.29,123.19,88.6,23.25,121.21
10/19/17,109.62,125.31,84.34,123.3,88.61,23.21,121.39
10/20/17,109.3,123.98,84.29,123.01,88.69,23.21,121.06
10/23/17,109.42,124.2,84.29,123.11,88.59,23.16,121.18
10/24/17,109.19,123.43,84.27,122.96,88.59,23.18,120.88
10/25/17,109.12,122.84,84.25,122.89,88.34,23.13,120.56
10/26/17,109,122.43,84.25,122.79,88.23,23.11,120.55
10/27/17,109.24,123.24,84.31,123.02,88.47,23.14,120.91
10/30/17,109.54,124.42,84.35,123.23,88.45,23.14,121.31
10/31/17,109.47,124.46,84.3,123.12,88.47,23.12,121.14
11/1/17,109.29,124.75,84.21,122.97,88.02,23.11,121.01
11/2/17,109.35,125.3,84.23,123.06,87.97,23.11,120.99
11/3/17,109.45,125.64,84.18,123.13,87.98,23.09,121.13
11/6/17,109.55,126.11,84.23,123.2,87.99,23.09,121.16
11/7/17,109.58,126.64,84.19,123.16,87.74,23.11,121.06
11/8/17,109.51,126.36,84.18,123.07,87.35,23.06,120.9
11/9/17,109.43,126,84.17,123.08,86.92,23.05,120.58
11/10/17,108.99,124.1,84.14,122.83,87.11,23.03,119.89
11/13/17,108.99,124.36,84.13,122.73,87.05,23.03,119.91
11/14/17,109.1,125.2,84.15,122.81,86.68,23,119.94
11/15/17,109.31,126.56,84.12,122.97,86.68,22.98,120.45
11/16/17,109.19,125.46,84.13,122.82,87.53,23,120.31
11/17/17,109.31,126.39,84.08,122.88,87.47,23.04,120.46
11/20/17,109.25,126.34,84.05,122.71,87.49,23,120.46
11/21/17,109.36,126.74,84.03,122.61,87.67,23.03,120.86
11/22/17,109.55,127.15,84.1,122.93,87.81,23.03,121.33
11/24/17,109.53,126.8,84.1,122.85,87.87,23.02,121.19
11/27/17,109.53,126.62,84.1,122.92,87.6,23.03,121.12
11/28/17,109.53,126.79,84.11,122.9,87.87,23.05,121.29
11/29/17,109.26,125.54,84.09,122.72,87.76,23.01,120.81
11/30/17,109.08,125.12,84.04,122.5,87.78,23.05,120.67
12/1/17,109.16,126.55,83.98,122.52,87.38,23.05,120.72
12/4/17,109.15,126.61,83.93,122.43,87.35,23.05,120.91
12/5/17,109.26,127.24,83.92,122.44,87.3,23.04,121.14
12/6/17,109.37,127.68,83.96,122.58,87.22,23.05,121.37
12/7/17,109.23,126.68,83.97,122.47,87.26,23.06,121.13
12/8/17,109.19,126.69,83.97,122.48,87.35,23.06,120.98
12/11/17,109.15,126.43,83.93,122.39,87.37,23.08,121.07
12/12/17,109.1,126.38,83.93,122.34,87.33,23.08,120.98
12/13/17,109.41,127.33,84.02,122.64,87.38,23.05,121.4
12/14/17,109.44,127.87,83.99,122.54,87.2,23.04,121.62
12/15/17,109.47,128.35,83.95,122.46,87.21,23.05,121.79
12/18/17,109.33,127.18,83.95,122.41,87.3,23.02,121.43
12/19/17,109.01,125.53,83.91,122.12,87.12,22.97,120.81
12/20/17,108.76,124.14,83.92,122.02,87.19,22.97,120.49
12/21/17,108.82,124.6,83.82,121.82,86.92,22.97,120.56
12/22/17,108.87,124.77,83.79,121.84,87,22.99,120.65
12/26/17,108.96,125.14,83.78,121.85,87.13,23.01,120.81
12/27/17,109.3,126.77,83.82,122.13,87.17,23.01,121.48
12/28/17,109.22,126.66,83.83,122.06,87.13,23.02,121.4
12/29/17,109.33,126.86,83.85,122.16,87.26,23.04,121.56
1/2/18,109.17,125.49,83.82,121.99,87.34,23.09,120.75
1/3/18,109.18,126.09,83.82,122.02,87.76,23.07,120.97
1/4/18,109.11,126.07,83.78,121.9,87.91,23.11,120.93
1/5/18,109.04,125.71,83.78,121.83,87.97,23.1,120.89
1/8/18,109.01,125.63,83.78,121.82,87.9,23.08,120.88
1/9/18,108.71,123.95,83.75,121.57,87.63,23.09,120.44
1/10/18,108.71,123.8,83.78,121.58,87.44,23.08,120.52
1/11/18,108.76,124.31,83.75,121.62,87.73,23.1,120.81
1/12/18,108.74,124.52,83.74,121.55,87.58,23.11,120.83
1/16/18,108.77,125.04,83.73,121.54,87.53,23.11,120.94
1/17/18,108.65,124.87,83.7,121.35,87.54,23.14,120.61
1/18/18,108.41,123.71,83.68,121.22,87.45,23.13,120.14
1/19/18,108.18,123.06,83.71,121.06,87.54,23.18,119.77
1/22/18,108.14,123.18,83.67,121.01,87.62,23.12,119.66
1/23/18,108.4,123.71,83.72,121.24,87.88,23.15,120.18
1/24/18,108.29,123.04,83.7,121.13,87.75,23.16,120.1
1/25/18,108.57,124.05,83.68,121.24,87.69,23.18,120.71
1/26/18,108.37,123.59,83.63,120.98,87.76,23.2,120.55
1/29/18,108.18,122.73,83.6,120.84,87.45,23.19,120.23
1/30/18,108.01,122.01,83.61,120.76,87.15,23.17,119.82
1/31/18,108.1,122.73,83.61,120.67,87.3,23.23,120.07
2/1/18,107.52,120.7,83.49,120.52,86.77,23.27,119.22
2/2/18,107.2,119.58,83.5,120.14,86.22,23.23,118.61
2/5/18,107.63,120.71,83.65,120.73,85.74,23.26,118.68
2/6/18,107.32,119.96,83.59,120.38,86.26,23.18,118.44
2/7/18,107.08,118.82,83.53,120.22,85.94,23.17,118.11
2/8/18,106.9,118.69,83.54,120.38,85.19,23.07,117.6
2/9/18,106.76,117.94,83.61,120.4,84.95,23.04,117.22
2/12/18,106.79,118.46,83.57,120.29,85.53,23.13,117.22
2/13/18,106.82,118.99,83.57,120.4,85.26,23.09,117.18
2/14/18,106.46,117.67,83.45,119.89,85.41,23.14,116.75
2/15/18,106.59,118.07,83.42,119.91,86.1,23.14,117.3
2/16/18,106.8,118.71,83.44,120.06,86.45,23.14,117.65
2/20/18,106.69,118.19,83.43,119.98,86.15,23.08,117.15
2/21/18,106.35,116.74,83.44,119.8,85.76,23.1,116.51
2/22/18,106.36,117.09,83.45,119.95,85.82,23.12,116.67
2/23/18,106.63,118.13,83.47,120.14,86.39,23.13,117.21
2/26/18,106.71,118.17,83.48,120.22,86.54,23.15,117.36
2/27/18,106.48,118,83.42,119.97,86.31,23.12,116.85
2/28/18,106.77,118.75,83.44,120.06,86.18,23.1,117.07
3/1/18,106.63,119.32,83.47,120.26,85.27,23.13,116.62
3/2/18,106.46,118.35,83.43,120.02,85.75,23.12,116.25
3/5/18,106.4,118.03,83.43,119.98,85.75,23.15,116.21
3/6/18,106.42,118.14,83.41,119.94,85.87,23.15,116.31
3/7/18,106.4,118.01,83.41,119.94,85.66,23.16,116.27
3/8/18,106.57,118.69,83.43,120.08,85.76,23.18,116.5
3/9/18,106.37,117.91,83.39,119.96,86.07,23.19,116.09
3/12/18,106.43,118.59,83.43,120.08,85.93,23.18,116.24
3/13/18,106.57,119.19,83.45,120.15,85.66,23.2,116.25
3/14/18,106.75,120.24,83.44,120.25,85.56,23.18,116.51
3/15/18,106.76,120.24,83.45,120.23,85.62,23.18,116.63
3/16/18,106.7,119.81,83.41,120.13,85.8,23.17,116.76
3/19/18,106.59,119.43,83.41,120.08,85.45,23.12,116.37
3/20/18,106.42,118.95,83.38,119.9,85.62,23.12,115.96
3/21/18,106.41,119.08,83.44,120,85.65,23.1,115.89
3/22/18,106.61,120.26,83.48,120.24,85.14,23.08,116.09
3/23/18,106.61,120.17,83.5,120.37,84.92,23.06,115.72
3/26/18,106.57,119.71,83.46,120.18,85.47,23.09,116.13
3/27/18,106.88,120.99,83.52,120.54,85.39,23.1,116.55
3/28/18,106.94,121.31,83.53,120.49,85.35,23.08,116.86
3/29/18,107.25,121.9,83.56,120.62,85.64,23.13,117.39
4/2/18,106.9,121.88,83.49,120.53,84.96,23.1,116.99
4/3/18,106.78,120.94,83.45,120.31,85.2,23.11,116.68
4/4/18,106.82,120.69,83.4,120.26,85.39,23.09,116.68
4/5/18,106.67,119.79,83.42,120.12,85.46,23.11,116.72
4/6/18,106.91,121.1,83.49,120.43,85.27,23.1,117.07
4/9/18,107,121.3,83.48,120.42,85.59,23.11,117.13
4/10/18,106.92,121.08,83.44,120.26,85.9,23.12,117.16
4/11/18,107.01,121.51,83.44,120.29,85.93,23.12,117.24
4/12/18,106.77,120.62,83.39,120.05,86.24,23.11,116.92
4/13/18,106.8,120.9,83.37,120.04,86.29,23.15,116.96
4/16/18,106.82,120.94,83.36,120.01,86.42,23.16,116.97
4/17/18,106.85,121.27,83.36,120.03,86.46,23.18,116.98
4/18/18,106.55,120.3,83.29,119.75,86.37,23.17,116.38
4/19/18,106.29,119.32,83.29,119.63,86.1,23.15,115.94
4/20/18,106,118.46,83.26,119.4,85.89,23.14,115.47
4/23/18,105.95,118.49,83.25,119.32,85.66,23.09,115.42
4/24/18,105.81,117.95,83.27,119.28,85.49,23.09,115.08
4/25/18,105.67,117.16,83.26,119.22,85.5,23.09,114.72
4/26/18,105.85,117.98,83.28,119.36,85.8,23.15,115.06
4/27/18,105.98,118.89,83.3,119.46,85.76,23.13,115.32
4/30/18,106,119.1,83.27,119.52,85.7,23.11,115.22
5/1/18,105.67,118.41,83.13,119.18,85.4,23.11,114.58
5/2/18,105.67,118.28,83.16,119.26,85.37,23.1,114.49
5/3/18,105.79,118.81,83.22,119.44,85.36,23.11,114.51
5/4/18,105.86,118.99,83.19,119.44,85.42,23.09,114.67
5/7/18,105.81,118.8,83.19,119.4,85.5,23.08,114.54
5/8/18,105.69,118.69,83.2,119.31,85.37,23.09,114.5
5/9/18,105.57,117.98,83.16,119.17,85.51,23.09,114.48
5/10/18,105.81,118.93,83.16,119.25,85.76,23.12,115.06
5/11/18,105.86,119.23,83.16,119.23,85.73,23.11,115.26
5/14/18,105.76,118.6,83.16,119.16,85.75,23.12,115.05
5/15/18,105.29,117.25,83.11,118.8,85.33,23.1,114.18
5/16/18,105.17,116.8,83.11,118.68,85.44,23.09,114.03
5/17/18,105.03,116.21,83.13,118.73,85.49,23.09,113.81
5/18/18,105.3,117.21,83.17,118.96,85.4,23.1,114.28
5/21/18,105.31,117.27,83.17,118.99,85.52,23.04,114.35
5/22/18,105.31,117.09,83.17,118.98,85.58,23.02,114.23
5/23/18,105.6,117.94,83.24,119.28,85.65,23.01,114.72
5/24/18,105.89,118.88,83.29,119.45,85.7,23,115.04
5/25/18,106.12,119.62,83.36,119.78,85.56,23,115.38
5/29/18,106.82,122.24,83.6,120.57,85.2,23.01,115.99
5/30/18,106.55,121.42,83.5,120.22,85.46,23.03,115.54
5/31/18,106.46,121.22,83.46,120.21,85.38,22.99,115.49
6/1/18,106.08,120.3,83.27,119.68,85.19,22.99,114.91
6/4/18,105.83,119.43,83.2,119.4,85.37,23.02,114.65
6/5/18,105.91,119.71,83.25,119.62,85.47,23.02,114.73
6/6/18,105.67,118.74,83.22,119.36,85.68,23.05,114.31
6/7/18,105.9,119.89,83.3,119.64,85.71,23.05,114.69
6/8/18,105.75,119.53,83.28,119.54,85.66,23.06,114.5
6/11/18,105.64,119.31,83.25,119.46,85.82,23.07,114.39
6/12/18,105.67,119.34,83.21,119.4,85.89,23.08,114.4
6/13/18,105.57,119.28,83.17,119.28,85.92,23.06,114.29
6/14/18,105.84,120.27,83.2,119.44,86.17,23.06,114.81
6/15/18,105.88,120.38,83.24,119.48,86.12,23.08,114.65
6/18/18,105.9,120.27,83.26,119.53,86.11,23,114.53
6/19/18,106.01,120.97,83.29,119.7,85.99,22.95,114.59
6/20/18,105.81,119.91,83.25,119.52,86.08,22.94,113.95
6/21/18,105.84,120.54,83.3,119.68,85.9,22.94,113.86
6/22/18,105.94,120.53,83.31,119.72,85.91,22.96,114
6/25/18,105.88,120.8,83.34,119.83,85.71,22.92,113.89
6/26/18,106.05,120.97,83.34,119.87,85.7,22.94,114.27
6/27/18,106.24,122.11,83.39,120.13,85.52,22.91,114.66
6/28/18,106.23,122.14,83.39,120.03,85.28,22.88,114.51
6/29/18,106.32,121.72,83.37,120,85.08,22.9,114.57
7/2/18,105.99,121.35,83.23,119.7,84.78,22.92,114.24
7/3/18,106.21,122,83.26,119.87,84.79,22.94,114.66
7/5/18,106.31,122.35,83.25,119.84,85.11,22.98,115.02
7/6/18,106.42,122.75,83.27,119.94,85.33,23.04,115.18
7/9/18,106.32,121.96,83.22,119.78,85.46,23.07,115.26
7/10/18,106.24,121.95,83.21,119.69,85.47,23.04,115.13
7/11/18,106.28,122.42,83.24,119.83,85.34,23.02,115.36
7/12/18,106.41,122.41,83.23,119.8,85.61,23.04,115.61
7/13/18,106.51,122.72,83.25,119.95,85.61,23.04,115.7
7/16/18,106.39,122.21,83.23,119.8,85.55,23.02,115.51
7/17/18,106.35,121.98,83.22,119.76,85.58,23.05,115.43
7/18/18,106.32,121.49,83.21,119.72,85.62,23.04,115.41
7/19/18,106.48,122.26,83.25,119.95,85.58,23.05,115.59
7/20/18,106.27,120.76,83.25,119.79,85.62,23.08,115.25
7/23/18,105.9,119.27,83.2,119.5,85.59,22.97,114.79
7/24/18,106.05,119.68,83.21,119.51,85.77,23,115.15
7/25/18,106.06,119.49,83.18,119.45,85.93,23.02,115.3
7/26/18,106,119.26,83.18,119.33,85.94,23.04,115.41
7/27/18,106.08,119.46,83.19,119.45,85.91,23,115.56
7/30/18,105.97,119.05,83.19,119.41,85.94,23.01,115.4
7/31/18,106.06,119.7,83.19,119.47,86.12,23.02,115.76
8/1/18,105.7,118.46,83.06,119.11,85.83,23.03,115.01
8/2/18,105.74,118.63,83.11,119.26,85.88,23.02,115.15
8/3/18,105.97,119.22,83.12,119.47,85.95,23.02,115.51
8/6/18,106.04,119.29,83.14,119.51,86.11,23.03,115.62
8/7/18,105.85,118.67,83.11,119.33,86.15,23.03,115.26
8/8/18,105.85,118.79,83.12,119.4,86.1,23.05,115.08
8/9/18,106,119.79,83.17,119.57,86.04,23.05,115.17
8/10/18,106.23,120.66,83.25,119.88,85.89,23.06,115.36
8/13/18,106.29,120.41,83.23,119.9,85.83,23.06,115.33
8/14/18,106.19,120.14,83.23,119.8,85.98,23.08,115.48
8/15/18,106.34,120.84,83.27,119.99,85.83,23.06,115.72
8/16/18,106.4,120.83,83.25,119.95,85.94,23.08,115.87
8/17/18,106.46,120.98,83.28,119.95,86.04,23.09,115.97
8/20/18,106.67,121.79,83.33,120.2,86.08,23.03,116.27
8/21/18,106.58,121.38,83.31,120.09,86.21,23.02,115.98
8/22/18,106.67,121.86,83.33,120.21,86.24,23.03,115.97
8/23/18,106.61,122.05,83.32,120.17,86.23,23.02,116.01
8/24/18,106.73,122.29,83.33,120.15,86.38,23.03,116.24
8/27/18,106.59,121.59,83.3,120.03,86.41,23.05,116.06
8/28/18,106.39,120.86,83.27,119.86,86.37,23.04,115.62
8/29/18,106.37,121.02,83.26,119.8,86.32,23.06,115.5
8/30/18,106.42,121.28,83.32,119.98,86.25,23.05,115.61
8/31/18,106.41,121,83.34,120.07,86.36,23.06,115.44
9/4/18,106.06,120.03,83.19,119.75,85.81,23.07,114.88
9/5/18,106.01,119.71,83.19,119.74,85.72,23.07,114.81
9/6/18,106.19,120.15,83.22,119.89,85.79,23.09,115.13
9/7/18,105.81,119.13,83.13,119.52,85.7,23.07,114.65
9/10/18,105.91,119.57,83.14,119.54,85.87,23.09,115.03
9/11/18,105.73,118.66,83.09,119.29,85.89,23.11,114.77
9/12/18,105.8,118.94,83.09,119.35,86.09,23.11,115
9/13/18,105.87,119.12,83.1,119.33,86.25,23.12,115.24
9/14/18,105.67,118.55,83.07,119.17,86.33,23.14,115.1
9/17/18,105.67,118.55,83.05,119.22,86.27,23.15,115.03
9/18/18,105.44,117.31,83.04,118.98,86.26,23.14,114.56
9/19/18,105.24,116.61,83.02,118.89,86.1,23.14,114.39
9/20/18,105.38,117.15,83.05,118.92,86.22,23.19,114.69
9/21/18,105.46,117.1,83.03,118.94,86.24,23.19,114.71
9/24/18,105.36,116.8,83.03,118.9,86.2,23.11,114.45
9/25/18,105.31,116.68,83.04,118.84,86.13,23.13,114.45
9/26/18,105.56,117.5,83.05,119.04,86.22,23.16,114.86
9/27/18,105.63,117.58,83.05,119.03,86.38,23.18,115.01
9/28/18,105.52,117.27,83.09,119.07,86.44,23.17,114.93
10/1/18,105.24,116.15,82.93,118.75,86.3,23.19,114.42
10/2/18,105.36,116.86,82.96,118.9,86.23,23.21,114.52
10/3/18,104.86,114.83,82.92,118.49,86,23.19,113.85
10/4/18,104.56,114.02,82.9,118.37,85.68,23.19,113.38
10/5/18,104.33,113.04,82.89,118.26,85.3,23.19,112.94
10/8/18,104.29,112.66,82.87,118.31,85.11,23.18,112.82
10/9/18,104.44,113.8,82.9,118.37,85.24,23.16,113.14
10/10/18,104.41,113.49,82.92,118.47,84.63,23.13,112.83
10/11/18,104.72,114.87,82.95,118.67,84.7,23.08,113.3
10/12/18,104.75,114.47,82.95,118.6,85.15,23.11,113.32
10/15/18,104.68,114.42,82.98,118.63,85.09,23.14,113.11
10/16/18,104.74,114.68,82.95,118.63,85.38,23.18,113.4
10/17/18,104.53,114,82.95,118.43,85.21,23.17,112.84
10/18/18,104.46,113.96,83,118.59,84.85,23.14,112.84
10/19/18,104.37,113.71,82.95,118.51,84.9,23.14,112.7
10/22/18,104.35,113.56,82.93,118.5,84.94,23.09,112.56
10/23/18,104.48,113.92,82.98,118.7,84.86,23.07,112.72
10/24/18,104.75,114.78,83.11,119.11,84.44,23.01,112.88
10/25/18,104.66,114.3,83.08,118.91,84.61,23.04,112.74
10/26/18,104.9,114.99,83.13,119.28,84.23,22.99,112.93
10/29/18,104.79,114.73,83.16,119.27,84.15,23.01,112.8
10/30/18,104.64,114.16,83.12,119.1,84.35,23.04,112.55
10/31/18,104.59,113.58,83.08,118.94,84.35,23.01,112.23
11/1/18,104.34,113.41,82.98,118.83,84.32,23.03,112.2
11/2/18,104.03,112,82.88,118.47,84.27,23.04,111.75
11/5/18,104.1,112.44,82.91,118.51,84.34,23.09,111.95
11/6/18,104.11,112.37,82.89,118.41,84.56,23.08,112.14
11/7/18,104.2,112.52,82.86,118.35,85.05,23.12,112.43
11/8/18,104.01,112.51,82.85,118.21,84.84,23.06,112.1
11/9/18,104.14,113.35,82.89,118.5,84.36,23.06,112.18
11/12/18,104.31,114.09,82.95,118.74,83.84,23.02,112.17
11/13/18,104.35,114.02,82.96,118.8,83.7,22.99,112.02
11/14/18,104.36,114.09,83.02,119.01,83.54,22.98,111.72
11/15/18,104.49,114.04,83.06,119.1,83.52,22.95,111.51
11/16/18,104.66,114.7,83.12,119.34,83.27,22.9,111.73
11/19/18,104.65,115.02,83.19,119.47,83.01,22.76,111.62
11/20/18,104.61,115.06,83.17,119.42,82.75,22.71,111.35
11/21/18,104.68,115.02,83.17,119.37,83.17,22.65,111.59
11/23/18,104.65,115.14,83.15,119.43,82.71,22.64,111.64
11/26/18,104.63,114.88,83.16,119.36,83.1,22.7,111.69
11/27/18,104.66,115.01,83.17,119.4,83.06,22.66,111.55
11/28/18,104.86,114.45,83.2,119.46,83.75,22.68,111.85
11/29/18,104.91,114.9,83.22,119.61,83.77,22.64,111.53
11/30/18,104.88,115.33,83.25,119.7,83.6,22.66,111.46
12/3/18,104.8,115.88,83.04,119.56,83.8,22.74,111.52
12/4/18,105.08,117.82,83.1,119.77,83.28,22.7,111.54
12/6/18,105.34,118.19,83.18,119.98,82.99,22.65,111.88
12/7/18,105.48,118.41,83.27,120.29,82.83,22.47,111.89
12/10/18,105.55,118.9,83.27,120.31,82.89,22.44,112.23
12/11/18,105.58,118.88,83.19,120.12,83.04,22.37,112.43
12/12/18,105.5,118.35,83.18,119.95,83.31,22.34,112.55
12/13/18,105.53,118.07,83.26,120.03,83.51,22.42,112.85
12/14/18,105.56,118.48,83.31,120.18,83.16,22.37,112.73
12/17/18,105.74,119.17,83.39,120.41,82.62,22.24,112.85
12/18/18,105.84,119.6,83.32,120.38,82.08,22.2,112.9
12/19/18,105.94,121.18,83.34,120.51,81.34,22.07,112.81
12/20/18,105.84,120.74,83.33,120.46,80.63,21.94,112.44
12/21/18,105.79,120.72,83.39,120.55,80.23,21.91,112.33
12/24/18,105.86,121.32,83.46,120.81,79.63,21.59,112.07
12/26/18,105.66,120.02,83.38,120.48,80.97,21.94,111.98
12/27/18,105.83,120.04,83.47,120.77,80.92,21.81,111.98
12/28/18,106.22,121.05,83.59,121.2,81.04,21.81,112.51
12/31/18,106.49,121.51,83.62,121.4,81.1,21.78,112.82
1/2/19,106.57,122.15,83.63,121.57,80.99,21.84,113.17
1/3/19,107.01,123.54,83.8,122.26,81.03,21.97,113.22
1/4/19,106.69,122.11,83.62,121.58,82.39,22.34,113.15
1/7/19,106.51,121.75,83.56,121.34,83.19,22.58,113.16
1/8/19,106.43,121.43,83.51,121.12,83.73,22.66,113.41
1/9/19,106.52,121.24,83.55,121.22,83.83,22.57,113.84
1/10/19,106.4,120.46,83.56,121.2,84.16,22.58,113.54
1/11/19,106.55,120.93,83.61,121.42,83.89,22.51,113.75
1/14/19,106.4,120.48,83.61,121.4,83.62,22.42,113.45
1/15/19,106.42,120.04,83.64,121.35,83.9,22.41,113.52
1/16/19,106.51,120.16,83.62,121.31,84.03,22.47,113.74
1/17/19,106.43,120.19,83.61,121.17,84.26,22.53,113.97
1/18/19,106.35,119.56,83.54,120.92,84.5,22.55,114.17
1/22/19,106.44,120.37,83.61,121.17,83.94,22.42,114.36
1/23/19,106.55,120.32,83.59,121.12,84.11,22.44,114.65
1/24/19,106.73,121.11,83.66,121.35,84.2,22.43,114.95
1/25/19,106.68,120.53,83.6,121.17,84.41,22.43,115.05
1/28/19,106.62,120.41,83.61,121.19,84.28,22.43,115.03
1/29/19,106.9,121.02,83.65,121.44,84.23,22.43,115.28
1/30/19,107.14,120.93,83.76,121.69,84.9,22.46,115.81
1/31/19,107.46,121.97,83.83,122.03,85.11,22.44,116.62
2/1/19,106.97,120.96,83.58,121.37,84.68,22.46,115.99
2/4/19,106.88,120.42,83.58,121.24,84.88,22.48,115.83
2/5/19,107.11,120.97,83.58,121.36,85.18,22.56,116.3
2/6/19,107.05,121.03,83.62,121.44,85.1,22.63,116.08
2/7/19,107.1,121.83,83.68,121.66,84.81,22.58,116.06
2/8/19,107.34,122.35,83.71,121.75,84.79,22.57,116.35
2/11/19,107.23,121.87,83.68,121.64,84.83,22.53,116.09
2/12/19,107.25,121.56,83.67,121.53,85.24,22.59,116.25
2/13/19,107.06,121.1,83.61,121.35,85.12,22.6,115.95
2/14/19,107.22,121.79,83.72,121.68,85.13,22.62,116.08
2/15/19,107.3,121.98,83.68,121.6,85.4,22.68,116.22
2/19/19,107.36,122.29,83.74,121.75,85.43,22.64,116.29
2/20/19,107.37,121.94,83.73,121.74,85.5,22.65,116.19
2/21/19,107.13,120.85,83.7,121.55,85.42,22.67,115.86
2/22/19,107.4,121.57,83.76,121.76,85.59,22.76,116.38
2/25/19,107.37,121.21,83.75,121.68,85.66,22.78,116.34
2/26/19,107.49,121.81,83.79,121.88,85.77,22.82,116.52
2/27/19,107.26,120.43,83.77,121.68,85.8,22.84,116.19
2/28/19,107.07,120.02,83.75,121.53,85.75,22.8,116.03
3/1/19,106.63,118.66,83.54,121.05,85.61,22.81,115.47
3/4/19,106.76,119.59,83.56,121.26,85.48,22.84,115.73
3/5/19,106.83,119.84,83.57,121.28,85.44,22.83,115.77
3/6/19,106.99,120.28,83.63,121.5,85.3,22.78,115.88
3/7/19,107.29,121.06,83.7,121.79,85.24,22.75,116.26
3/8/19,107.43,121.57,83.73,121.88,85.1,22.72,116.41
3/11/19,107.44,121.21,83.71,121.8,85.38,22.72,116.54
3/12/19,107.64,122.06,83.74,121.98,85.53,22.74,116.86
3/13/19,107.59,121.83,83.75,121.98,85.76,22.81,116.67
3/14/19,107.43,120.95,83.77,121.91,85.7,22.78,116.44
3/15/19,107.7,121.75,83.8,122.11,85.78,22.79,116.86
3/18/19,107.68,121.68,83.78,122.02,85.75,22.67,116.8
3/19/19,107.62,121.41,83.77,121.96,85.8,22.68,116.82
3/20/19,108.06,122.68,83.89,122.5,86.17,22.72,117.61
3/21/19,108.08,122.95,83.89,122.44,86.15,22.65,117.83
3/22/19,108.62,124.86,84.03,122.99,85.84,22.45,118.55
3/25/19,108.82,125.06,84.12,123.25,85.81,22.54,118.79
3/26/19,108.84,124.97,84.11,123.2,86.02,22.55,118.84
3/27/19,109.07,126.12,84.18,123.41,86.08,22.54,119
3/28/19,109.08,126.56,84.17,123.36,86.25,22.53,119.15
3/29/19,109.07,126.44,84.12,123.2,86.47,22.64,119.06
4/1/19,108.31,124.37,83.87,122.5,86.07,22.64,118.26
4/2/19,108.43,124.6,83.91,122.66,86.11,22.69,118.42
4/3/19,108.23,123.52,83.87,122.49,86.14,22.7,118.17
4/4/19,108.31,123.87,83.89,122.55,86.27,22.77,118.36
4/5/19,108.39,124.03,83.88,122.58,86.43,22.82,118.55
4/8/19,108.34,123.59,83.86,122.47,86.38,22.84,118.38
4/9/19,108.4,123.98,83.87,122.58,86.32,22.85,118.63
4/10/19,108.61,124.28,83.94,122.75,86.7,22.88,119.21
4/11/19,108.48,123.55,83.89,122.58,86.83,22.93,119.09
4/12/19,108.27,122.67,83.84,122.25,86.96,22.91,119.02
4/15/19,108.25,122.98,83.85,122.33,86.9,22.92,118.83
4/16/19,108.06,122.21,83.84,122.12,86.85,22.92,118.5
4/17/19,108.05,122.26,83.87,122.18,86.64,22.92,118.48
4/18/19,108.19,122.9,83.89,122.33,86.68,22.96,118.58
4/22/19,108.06,122.31,83.9,122.27,86.53,22.9,118.39
4/23/19,108.25,122.57,83.94,122.43,86.83,22.96,118.88
4/24/19,108.5,123.57,83.99,122.71,86.71,22.89,119.28
4/25/19,108.49,123.39,83.99,122.61,86.75,22.9,119.22
4/26/19,108.71,123.81,84.08,122.86,86.97,22.92,119.64
4/29/19,108.52,123.02,84.05,122.73,86.93,22.93,119.17
4/30/19,108.59,123.65,84.11,122.91,86.94,22.97,119.22
5/1/19,108.4,123.9,83.88,122.55,86.29,22.96,118.83
5/2/19,108.16,123.31,83.84,122.34,86.35,22.96,118.4
5/3/19,108.34,123.66,83.87,122.43,86.57,23.01,118.93
5/6/19,108.48,124,83.92,122.64,86.61,22.98,119.09
5/7/19,108.61,124.95,83.96,122.85,86.09,22.92,119.08
5/8/19,108.59,124.41,83.95,122.72,86.12,22.91,118.68
5/9/19,108.65,124.92,84,122.93,85.99,22.83,118.79
5/10/19,108.67,124.75,84.02,122.88,86.23,22.89,118.86
5/13/19,108.85,125.73,84.12,123.32,85.44,22.81,118.93
5/14/19,108.94,125.36,84.12,123.26,85.63,22.82,119.1
5/15/19,109.13,126.13,84.18,123.52,85.71,22.85,119.43
5/16/19,109,125.71,84.13,123.39,85.97,22.93,119.24
5/17/19,109.03,125.99,84.15,123.42,85.94,22.91,119.25
5/20/19,108.88,125.73,84.11,123.25,85.86,22.78,118.97
5/21/19,108.87,125.53,84.07,123.11,86.13,22.82,119.07
5/22/19,109.05,126.25,84.11,123.38,86.2,22.8,119.22
5/23/19,109.37,127.67,84.26,123.84,85.77,22.73,119.48
5/24/19,109.41,127.78,84.23,123.8,85.65,22.72,119.73
5/28/19,109.57,128.79,84.3,124.08,85.57,22.72,119.81
5/29/19,109.6,129.09,84.31,124.03,85.34,22.67,119.86
5/30/19,109.89,130.2,84.38,124.3,85.52,22.69,120.55
5/31/19,110.4,131.83,84.56,124.9,84.9,22.64,120.83
6/3/19,110.4,132.44,84.55,125.11,84.65,22.6,120.83
6/4/19,110.3,130.93,84.49,124.87,85.5,22.68,120.87
6/5/19,110.24,130.19,84.53,124.98,85.7,22.68,120.79
6/6/19,110.22,130.61,84.48,124.86,85.88,22.68,121.02
6/7/19,110.53,131.74,84.57,125.13,86.1,22.69,121.56
6/10/19,110.24,130.5,84.49,124.76,86.23,22.67,121.12
6/11/19,110.22,130.58,84.46,124.75,86.35,22.75,121.23
6/12/19,110.36,130.68,84.53,124.99,86.15,22.73,121.41
6/13/19,110.6,131.13,84.62,125.22,86.35,22.77,121.72
6/14/19,110.57,131.46,84.59,125.2,86.29,22.74,121.77
6/17/19,110.54,131.69,84.55,125.17,86.16,22.73,121.83
6/18/19,110.84,132.35,84.56,125.25,86.76,22.72,122.64
6/19/19,111.22,132.54,84.74,125.62,87.17,22.76,123.42
6/20/19,111.41,132.89,84.78,125.73,87.61,22.75,124.09
6/21/19,111.12,131.43,84.74,125.49,87.33,22.76,123.64
6/24/19,111.32,132.41,84.79,125.74,87.32,22.67,123.95
6/25/19,111.34,132.82,84.81,125.88,86.95,22.63,123.58
6/26/19,111.09,131.97,84.71,125.49,86.91,22.64,123.33
6/27/19,111.4,132.9,84.78,125.73,87.15,22.65,124.05
6/28/19,111.35,132.81,84.78,125.76,87.18,22.66,124.37
7/1/19,111.18,132.24,84.57,125.44,86.82,22.71,124.25
7/2/19,111.38,133.26,84.62,125.66,87.01,22.73,124.59
7/3/19,111.56,134.21,84.64,125.73,87.34,22.72,124.93
7/5/19,111.09,132.43,84.47,125.21,86.99,22.71,123.83
7/8/19,111.03,132.61,84.43,125.08,86.82,22.73,123.66
7/9/19,111,132.56,84.4,124.97,86.72,22.72,123.4
7/10/19,111.08,131.83,84.55,125.25,86.96,22.75,123.68
7/11/19,110.67,130.07,84.51,124.95,86.79,22.75,122.95
7/12/19,110.79,130.22,84.52,125.03,86.93,22.75,123.07
7/15/19,110.95,130.97,84.54,125.17,86.99,22.8,123.28
7/16/19,110.83,130.58,84.51,124.98,86.81,22.8,123.02
7/17/19,111.12,131.99,84.59,125.33,86.7,22.82,123.67
7/18/19,111.3,132,84.69,125.62,86.74,22.82,123.96
7/19/19,111.17,131.69,84.6,125.39,86.59,22.82,123.77
7/22/19,111.31,131.94,84.61,125.44,86.88,22.72,124.15
7/23/19,111.2,131.22,84.59,125.32,87.03,22.73,124.22
7/24/19,111.36,131.79,84.61,125.39,87.1,22.73,124.57
7/25/19,111.19,131.16,84.56,125.22,86.98,22.73,124.17
7/26/19,111.21,131.47,84.57,125.22,87.17,22.77,124.34
7/29/19,111.26,131.51,84.57,125.27,87.04,22.82,124.26
7/30/19,111.25,131.83,84.58,125.3,87.08,22.8,124.22
7/31/19,111.3,132.89,84.57,125.35,86.93,22.82,124.33
8/1/19,111.91,135.26,84.66,126.05,86.52,22.8,124.99
8/2/19,111.95,136.51,84.68,126.15,86.39,22.72,125.12
8/5/19,112.44,138.87,84.85,126.83,85.49,22.72,125.21
8/6/19,112.74,139.98,84.89,126.93,86.04,22.71,125.99
8/7/19,112.68,140.03,84.9,126.92,86.03,22.65,125.97
8/8/19,112.79,140.33,84.87,126.89,86.37,22.66,126.31
8/9/19,112.64,140.05,84.82,126.72,86.25,22.65,125.94
8/12/19,113.05,142.97,84.91,127.14,85.95,22.6,126.73
8/13/19,112.89,142.48,84.81,126.77,86.33,22.63,126.63
8/14/19,113.24,145.69,84.92,127.16,85.56,22.55,127
8/15/19,113.76,147.31,85.1,127.68,85.81,22.54,127.62
8/16/19,113.67,146.13,85.09,127.63,86.1,22.58,127.85
8/19/19,113.37,144.04,85,127.25,86.35,22.55,127.43
8/20/19,113.68,145.53,85.06,127.56,86.42,22.57,128.17
8/21/19,113.62,144.56,84.98,127.32,86.79,22.59,128.4
8/22/19,113.32,143.6,84.94,127.17,86.95,22.6,127.93
8/23/19,113.78,145.96,85.08,127.68,86.55,22.56,128.4
8/26/19,113.73,145.37,85.04,127.59,86.98,22.58,128.41
8/27/19,114.09,147.61,85.07,127.83,86.94,22.59,129.1
8/28/19,114.1,147.8,85.09,127.86,87.15,22.59,129.1
8/29/19,114.03,147.24,85.05,127.73,87.24,22.6,128.82
8/30/19,114.13,147.28,85.08,127.75,87.16,22.61,128.8
9/3/19,113.84,147.21,85,127.81,86.54,22.58,128.33
9/4/19,114.04,147.43,85.07,128.02,86.72,22.63,128.57
9/5/19,113.55,144.76,84.88,127.34,87.06,22.64,127.63
9/6/19,113.67,145.79,84.89,127.39,87.14,22.66,128.09
9/9/19,113.19,143.2,84.8,127,87.23,22.7,127.15
9/10/19,112.58,140.69,84.66,126.45,87.28,22.7,126.08
9/11/19,112.6,140.44,84.66,126.37,87.27,22.73,125.98
9/12/19,112.42,139.52,84.64,126.18,87.32,22.74,125.81
9/13/19,111.75,136.54,84.5,125.52,87.16,22.79,124.68
9/16/19,112.05,138.28,84.57,125.84,87.47,22.8,125.31
9/17/19,112.22,139.03,84.61,126.02,87.52,22.81,125.63
9/18/19,112.35,139.62,84.56,125.96,87.47,22.76,125.94
9/19/19,112.51,140.04,84.57,126.06,87.37,22.74,126.3
9/20/19,112.92,141.89,84.66,126.41,87.48,22.73,127.17
9/23/19,112.97,141.86,84.71,126.55,87.44,22.66,127.08
9/24/19,113.28,143.57,84.8,126.94,87.32,22.65,127.48
9/25/19,112.81,141.47,84.69,126.44,87.23,22.64,126.76
9/26/19,113,142.38,84.73,126.57,87.17,22.62,127.03
9/27/19,113.14,142.73,84.78,126.72,87.07,22.57,127.06
9/30/19,113.17,143.08,84.82,126.8,87.17,22.59,127.48
10/1/19,113.12,143.26,84.78,126.9,86.62,22.58,127.29
10/2/19,113.2,143.61,84.87,127.23,86.11,22.51,127.24
10/3/19,113.64,144.92,85.05,127.7,86.16,22.56,127.74
10/4/19,113.82,145.99,85.04,127.8,86.43,22.52,128.27
10/7/19,113.51,144.78,84.95,127.51,86.36,22.49,127.62
10/8/19,113.55,145.17,85,127.67,86.04,22.43,127.51
10/9/19,113.49,144.35,84.95,127.52,86.3,22.4,127.56
10/10/19,113.1,142.2,84.85,127.04,86.41,22.36,126.81
10/11/19,112.73,140.44,84.77,126.57,86.77,22.39,126.58
10/14/19,112.92,141.46,84.78,126.65,86.83,22.42,127
10/15/19,112.55,139.75,84.76,126.38,87.02,22.45,126.66
10/16/19,112.75,139.92,84.8,126.56,86.95,22.43,126.8
10/17/19,112.72,139.58,84.8,126.52,87.07,22.45,126.98
10/18/19,112.8,139.58,84.83,126.63,87.09,22.5,127.14
10/21/19,112.49,138.53,84.79,126.35,87.12,22.48,126.85
10/22/19,112.66,139.34,84.82,126.5,87.14,22.48,127.07
10/23/19,112.75,139.48,84.81,126.45,87.22,22.5,127.14
10/24/19,112.78,139.2,84.81,126.48,87.32,22.49,127.42
10/25/19,112.62,138.52,84.76,126.29,87.39,22.52,127.2
10/28/19,112.38,137.26,84.73,126.11,87.38,22.47,126.82
10/29/19,112.39,137.35,84.75,126.13,87.22,22.43,126.49
10/30/19,112.71,139.36,84.8,126.44,87.11,22.42,126.94
10/31/19,113.15,141.24,84.95,126.97,86.81,22.41,127.71
11/1/19,112.93,140.56,84.76,126.61,86.82,22.46,127.49
11/4/19,112.65,138.71,84.7,126.31,87,22.5,126.89
11/5/19,112.23,137.15,84.64,125.93,86.91,22.52,126.16
11/6/19,112.4,137.98,84.69,126.14,86.81,22.49,126.87
11/7/19,111.87,135.48,84.59,125.57,86.77,22.53,125.88
11/8/19,111.81,134.91,84.6,125.52,86.85,22.56,125.71
11/11/19,111.83,135,84.62,125.57,86.8,22.57,125.75
11/12/19,111.95,135.62,84.63,125.65,86.82,22.57,125.87
11/13/19,112.15,136.5,84.67,125.87,86.73,22.59,126.17
11/14/19,112.47,137.91,84.75,126.24,86.68,22.58,126.83
11/15/19,112.41,137.76,84.72,126.11,86.94,22.6,126.85
11/18/19,112.62,138.01,84.76,126.25,86.83,22.47,126.99
11/19/19,112.7,139.16,84.75,126.29,86.52,22.43,127.24
11/20/19,112.97,140.6,84.79,126.55,86.34,22.42,127.42
11/21/19,112.81,139.72,84.75,126.38,86.36,22.41,127.12
11/22/19,112.87,139.9,84.74,126.35,86.69,22.43,127.47
11/25/19,112.98,140.31,84.75,126.36,86.92,22.47,127.91
11/26/19,113.14,141.13,84.79,126.5,87.02,22.45,128.24
11/27/19,113,140.72,84.74,126.3,87.13,22.48,128.23
11/29/19,112.86,140.42,84.77,126.31,86.94,22.46,127.97
12/2/19,112.49,138.31,84.61,125.97,86.54,22.46,127.07
12/3/19,113,141.21,84.73,126.58,86.42,22.48,128.05
12/4/19,112.81,139.8,84.69,126.3,86.68,22.57,127.88
12/5/19,112.68,139.12,84.65,126.16,86.81,22.64,127.74
12/6/19,112.52,138.35,84.62,125.94,86.93,22.69,127.67
12/9/19,112.58,138.65,84.62,125.93,86.93,22.71,127.65
12/10/19,112.54,138.66,84.58,125.81,87.14,22.71,127.65
12/11/19,112.84,139.75,84.65,126.09,87.32,22.73,128.15
12/12/19,112.36,137.45,84.57,125.57,87.52,22.76,127.56
12/13/19,112.81,139.04,84.67,126.01,87.61,22.75,128.39
12/16/19,112.58,137.79,84.62,125.72,87.78,22.77,128.1
12/17/19,112.59,137.6,84.64,125.73,88.05,22.76,128
12/18/19,112.37,136.47,84.65,125.6,88.21,22.81,127.91
12/19/19,112.3,136.47,84.53,125.5,87.85,22.86,127.7
12/20/19,112.32,136.65,84.53,125.48,87.72,22.87,127.66
12/23/19,112.24,136.45,84.51,125.41,87.76,22.8,127.72
12/24/19,112.38,136.84,84.52,125.54,87.83,22.78,127.85
12/26/19,112.48,137.17,84.55,125.64,87.96,22.79,128.08
12/27/19,112.63,137.32,84.61,125.86,87.92,22.79,128.26
12/30/19,112.63,136.82,84.64,125.89,87.86,22.71,128.49
12/31/19,112.37,135.48,84.63,125.75,87.94,22.82,127.96
1/2/20,112.68,137.01,84.67,125.97,88.31,22.87,128.23
1/3/20,113.01,139.12,84.74,126.37,88.22,22.87,128.67
1/6/20,112.92,138.33,84.71,126.3,88.13,22.88,128.24
1/7/20,112.8,137.65,84.71,126.25,88.05,22.87,127.91
1/8/20,112.67,136.74,84.67,126.08,88.13,22.91,127.73
1/9/20,112.79,137.22,84.68,126.08,88.36,22.9,128.34
1/10/20,112.98,138.44,84.7,126.2,88.39,22.87,128.7
1/13/20,112.91,138.02,84.69,126.13,88.39,22.86,128.39
1/14/20,113.01,138.73,84.7,126.26,88.38,22.84,128.55
1/15/20,113.18,139.65,84.74,126.4,88.4,22.88,128.83
1/16/20,113.18,139.21,84.74,126.31,88.43,22.88,129.01
1/17/20,113.05,138.02,84.77,126.29,88.36,22.86,128.99
1/21/20,113.37,139.47,84.79,126.58,88.17,22.76,129.61
1/22/20,113.43,139.96,84.81,126.6,88.33,22.73,129.68
1/23/20,113.58,140.94,84.84,126.76,88.06,22.75,129.85
1/24/20,113.79,142.08,84.87,126.98,87.69,22.72,130.07
1/27/20,114.14,144.29,84.96,127.42,87.1,22.62,130.32
1/28/20,114.04,143.16,84.92,127.25,87.85,22.68,130.25
1/29/20,114.3,144.56,85,127.56,87.8,22.68,130.67
1/30/20,114.31,144.58,85.01,127.67,87.89,22.66,130.75
1/31/20,114.65,145.9,85.12,128.06,87.53,22.61,131.09
2/3/20,114.37,145.54,84.96,127.73,87.15,22.61,130.65
2/4/20,113.99,143.58,84.87,127.35,87.67,22.62,130.33
2/5/20,113.82,142.01,84.81,127.08,88.03,22.62,130.25
2/6/20,113.89,142.65,84.83,127.09,88.1,22.6,130.19
2/7/20,114.22,144.43,84.88,127.39,87.97,22.59,130.69
2/7/20,114.22,144.43,84.88,127.39,87.97,22.59,130.69
2/7/20,114.22,144.43,84.88,127.39,87.97,22.59,130.69
