Date,AGG,TLT,SHY,IEI,HYG,BKLN,LQD
2015-02-11,110.87,129.95,84.61,123.09,91.0,24.07,121.0
2015-02-12,110.89,129.52,84.64,123.23,90.99,24.1,121.31
2015-02-13,110.76,128.19,84.64,123.09,91.12,24.02,120.83
2015-02-17,110.31,126.26,84.6,122.64,91.06,24.12,120.27
2015-02-18,110.62,127.01,84.7,123.08,91.37,24.11,120.7
2015-02-19,110.53,126.17,84.65,122.86,91.16,24.14,120.68
2015-02-20,110.55,126.54,84.64,122.77,91.41,24.16,120.86
2015-02-23,110.75,127.99,84.68,123.06,91.48,24.14,121.27
2015-02-24,111.24,129.67,84.75,123.54,91.57,24.17,122.06
2015-02-25,111.32,130.23,84.75,123.59,91.87,24.14,122.17
2015-02-26,110.92,128.45,84.67,123.11,91.85,24.18,121.51
2015-02-27,111.2,129.53,84.7,123.33,91.87,24.19,121.8
2015-03-02,110.45,126.87,84.6,122.79,91.46,24.16,120.42
2015-03-03,110.31,126.41,84.58,122.64,91.2,24.1,120.35
2015-03-04,110.37,126.45,84.6,122.76,91.03,24.1,120.27
2015-03-05,110.42,126.29,84.63,122.86,91.2,24.14,120.43
2015-03-06,109.7,123.5,84.54,122.17,90.62,24.1,119.15
2015-03-09,109.98,124.64,84.58,122.47,90.43,24.14,119.63
2015-03-10,110.24,126.28,84.6,122.7,90.08,24.13,119.82
2015-03-11,110.46,127.2,84.6,122.77,90.33,24.13,120.43
2015-03-12,110.55,127.11,84.62,122.87,90.51,24.16,120.31
2015-03-13,110.34,126.72,84.63,122.84,90.2,24.06,119.97
2015-03-16,110.58,127.94,84.64,123.0,90.11,23.99,120.09
2015-03-17,110.56,129.0,84.62,123.09,89.66,23.97,120.29
2015-03-18,111.37,131.49,84.82,123.97,90.46,24.06,121.77
2015-03-19,110.98,130.82,84.71,123.52,89.74,24.03,121.15
2015-03-20,111.32,131.51,84.77,123.91,90.44,24.01,121.49
2015-03-23,111.34,131.35,84.8,124.0,90.51,24.01,121.77
2015-03-24,111.64,132.62,84.83,124.2,90.65,24.0,121.95
2015-03-25,111.43,131.5,84.81,123.94,90.41,24.03,121.55
2015-03-26,111.03,129.45,84.77,123.65,90.4,24.04,120.8
2015-03-27,111.19,131.06,84.82,123.86,90.47,24.04,121.28
2015-03-30,111.24,130.41,84.81,123.94,90.72,24.13,121.49
2015-03-31,111.43,130.69,84.88,124.17,90.61,24.09,121.71
2015-04-01,111.58,132.13,84.88,124.29,90.39,24.15,121.73
2015-04-02,111.43,130.73,84.87,124.2,90.46,24.18,121.53
2015-04-06,111.5,130.0,84.94,124.45,90.69,24.18,121.69
2015-04-07,111.52,131.09,84.88,124.33,91.17,24.21,122.13
2015-04-08,111.53,131.13,84.88,124.29,91.15,24.24,122.09
2015-04-09,111.25,129.43,84.85,124.02,91.06,24.25,121.47
2015-04-10,111.25,129.62,84.83,123.98,91.27,24.28,121.64
2015-04-13,111.37,129.8,84.88,124.15,91.1,24.27,121.6
2015-04-14,111.49,130.72,84.92,124.33,91.14,24.26,121.88
2015-04-15,111.64,130.61,84.92,124.39,91.5,24.22,121.96
2015-04-16,111.58,129.96,84.96,124.56,91.31,24.22,121.89
2015-04-17,111.67,131.45,84.92,124.52,91.03,24.13,122.22
2015-04-20,111.59,130.29,84.91,124.48,91.23,24.17,121.93
2015-04-21,111.47,129.7,84.92,124.39,91.29,24.12,121.9
2015-04-22,111.14,127.72,84.85,124.02,91.2,24.19,121.11
2015-04-23,111.31,128.27,84.89,124.2,91.17,24.19,121.42
2015-04-24,111.5,129.07,84.92,124.49,91.32,24.19,121.65
2015-04-27,111.54,129.07,84.91,124.35,91.35,24.18,121.56
2015-04-28,111.11,127.29,84.87,124.05,91.21,24.18,120.84
2015-04-29,110.86,125.73,84.88,123.93,91.04,24.19,119.84
2015-04-30,110.86,125.95,84.87,123.9,90.99,24.18,119.94
2015-05-01,110.34,124.0,84.8,123.37,90.79,24.24,118.95
2015-05-04,110.13,122.83,84.8,123.34,90.77,24.25,118.57
2015-05-05,110.03,122.66,84.78,123.23,90.65,24.08,118.37
2015-05-06,109.66,120.56,84.75,122.98,90.38,24.14,117.86
2015-05-07,109.93,122.18,84.72,123.12,90.37,24.17,118.33
2015-05-08,110.29,122.51,84.84,123.53,91.08,24.19,119.01
2015-05-11,109.59,119.53,84.76,122.98,90.51,24.22,117.81
2015-05-12,109.58,119.84,84.77,123.03,90.5,24.18,117.64
2015-05-13,109.57,118.88,84.81,123.04,90.37,24.15,117.53
2015-05-14,109.74,119.2,84.89,123.35,90.81,24.2,117.93
2015-05-15,110.2,121.59,84.89,123.66,91.01,24.12,118.75
2015-05-18,109.78,119.55,84.84,123.32,90.86,24.14,117.84
2015-05-19,109.4,118.49,84.79,122.91,90.72,24.09,117.21
2015-05-20,109.57,118.69,84.82,123.13,90.61,24.09,117.35
2015-05-21,109.91,120.35,84.85,123.45,90.74,24.14,117.91
2015-05-22,109.79,120.4,84.79,123.29,90.81,24.14,117.83
2015-05-26,110.06,122.46,84.8,123.48,90.62,24.09,118.35
2015-05-27,110.17,122.74,84.81,123.46,90.82,24.1,118.47
2015-05-28,110.13,122.44,84.85,123.6,90.78,24.09,118.22
2015-05-29,110.17,122.71,84.87,123.68,90.91,24.14,118.27
2015-06-01,109.66,121.13,84.78,123.25,90.66,24.16,117.28
2015-06-02,109.23,119.44,84.77,122.92,90.49,24.12,116.68
2015-06-03,108.8,117.52,84.74,122.46,90.0,24.09,115.93
2015-06-04,109.03,119.05,84.75,122.69,89.71,24.04,116.53
2015-06-05,108.55,117.6,84.67,122.19,89.44,23.99,115.94
2015-06-08,108.71,117.47,84.72,122.39,89.44,23.97,115.86
2015-06-09,108.4,116.54,84.68,122.15,89.29,23.97,115.34
2015-06-10,108.13,115.52,84.66,121.92,89.41,23.97,115.03
2015-06-11,108.71,117.95,84.68,122.33,89.59,23.98,116.05
2015-06-12,108.58,117.95,84.66,122.28,89.26,23.95,115.85
2015-06-15,108.71,118.14,84.7,122.49,88.84,23.83,115.83
2015-06-16,108.89,119.07,84.73,122.68,89.34,23.85,116.12
2015-06-17,108.9,118.15,84.79,122.9,89.26,23.82,116.11
2015-06-18,108.87,117.57,84.81,122.88,89.59,23.83,115.9
2015-06-19,109.21,119.08,84.83,123.19,89.64,23.81,116.52
2015-06-22,108.67,116.65,84.77,122.71,89.82,23.85,115.6
2015-06-23,108.42,115.95,84.75,122.56,89.76,23.83,115.34
2015-06-24,108.59,116.95,84.79,122.74,89.52,23.85,115.66
2015-06-25,108.47,116.54,84.77,122.53,89.25,23.85,115.47
2015-06-26,108.21,115.23,84.72,122.33,88.99,23.86,114.94
2015-06-29,108.85,118.28,84.86,123.04,88.38,23.74,115.94
2015-06-30,108.78,117.46,84.86,122.96,88.8,23.79,115.72
2015-07-01,108.29,115.62,84.75,122.49,88.42,23.82,115.02
2015-07-02,108.44,116.0,84.88,122.85,88.75,23.83,115.46
2015-07-06,108.83,118.15,84.9,123.27,88.46,23.85,115.92
2015-07-07,108.98,119.26,84.89,123.41,88.53,23.91,116.4
2015-07-08,109.24,120.29,84.98,123.62,88.09,23.87,116.56
2015-07-09,108.84,117.92,84.92,123.21,88.29,23.84,115.79
2015-07-10,108.38,116.05,84.84,122.79,88.8,23.9,115.05
2015-07-13,108.22,115.69,84.8,122.56,88.88,23.94,114.8
2015-07-14,108.4,116.07,84.84,122.79,88.79,23.95,114.9
2015-07-15,108.69,117.3,84.87,123.03,88.79,23.85,115.2
2015-07-16,108.78,118.11,84.83,122.92,88.93,23.89,115.38
2015-07-17,108.79,118.72,84.81,122.84,88.69,23.92,115.46
2015-07-20,108.6,118.22,84.76,122.65,88.28,23.9,115.19
2015-07-21,108.78,118.86,84.77,122.83,88.12,23.85,115.43
2015-07-22,108.83,119.6,84.76,122.82,87.55,23.82,115.58
2015-07-23,109.14,121.09,84.77,123.06,87.5,23.7,115.92
2015-07-24,109.12,121.39,84.79,123.13,87.25,23.66,115.87
2015-07-27,109.26,122.04,84.85,123.43,86.88,23.64,115.88
2015-07-28,109.15,121.15,84.83,123.32,87.35,23.69,115.79
2015-07-29,109.06,120.7,84.81,123.18,87.86,23.69,115.69
2015-07-30,109.07,121.63,84.77,123.18,88.12,23.68,115.75
2015-07-31,109.5,122.53,84.86,123.65,87.97,23.69,116.35
2015-08-03,109.4,123.55,84.85,123.6,87.41,23.64,116.29
2015-08-04,109.08,122.57,84.72,123.14,87.46,23.63,115.7
2015-08-05,108.88,121.65,84.73,122.91,87.34,23.61,115.25
2015-08-06,109.01,122.73,84.75,123.09,86.98,23.61,115.47
2015-08-07,109.2,124.34,84.71,123.3,86.71,23.57,115.87
2015-08-10,109.06,122.8,84.71,123.13,86.96,23.58,115.41
2015-08-11,109.42,124.75,84.82,123.58,86.56,23.56,115.89
2015-08-12,109.35,124.07,84.82,123.64,86.44,23.5,115.71
2015-08-13,109.12,123.67,84.75,123.34,86.33,23.46,115.31
2015-08-14,109.07,123.96,84.71,123.23,86.38,23.42,115.42
2015-08-17,109.26,124.52,84.76,123.42,86.38,23.47,115.79
2015-08-18,109.06,123.54,84.75,123.34,86.27,23.48,115.35
2015-08-19,109.4,124.76,84.83,123.79,86.19,23.43,115.91
2015-08-20,109.57,126.02,84.8,123.86,85.77,23.37,115.98
2015-08-21,109.76,126.4,84.89,124.15,85.46,23.31,116.01
2015-08-24,109.72,126.36,84.93,124.45,84.76,23.1,115.69
2015-08-25,109.46,124.33,84.89,124.08,84.93,23.18,115.1
2015-08-26,108.95,121.93,84.84,123.76,85.64,23.26,115.03
2015-08-27,109.1,122.0,84.85,123.73,86.28,23.35,115.14
2015-08-28,109.0,122.36,84.81,123.65,86.36,23.35,115.35
2015-08-31,108.92,121.42,84.78,123.45,86.24,23.38,115.06
2015-09-01,109.02,122.03,84.77,123.59,85.58,23.31,115.42
2015-09-02,108.88,120.98,84.79,123.53,85.93,23.36,115.25
2015-09-03,109.04,121.57,84.79,123.7,86.05,23.42,115.8
2015-09-04,109.27,122.68,84.8,123.8,85.96,23.43,116.06
2015-09-08,109.01,120.87,84.77,123.52,86.43,23.47,115.52
2015-09-09,109.05,121.45,84.75,123.58,86.32,23.44,115.77
2015-09-10,108.93,120.63,84.78,123.5,86.53,23.44,115.54
2015-09-11,109.06,121.39,84.81,123.69,86.5,23.44,115.62
2015-09-14,109.09,121.58,84.79,123.76,86.35,23.43,115.61
2015-09-15,108.6,119.25,84.67,123.22,86.33,23.38,114.74
2015-09-16,108.51,118.8,84.66,123.2,86.02,23.37,114.95
2015-09-17,109.19,120.25,84.85,123.89,86.09,23.37,115.9
2015-09-18,109.28,122.1,84.89,124.15,85.85,23.26,116.25
2015-09-21,108.99,120.11,84.84,123.83,85.69,23.26,115.66
2015-09-22,109.25,121.78,84.89,124.15,85.07,23.17,116.16
2015-09-23,109.16,121.77,84.86,124.06,84.92,23.18,116.09
2015-09-24,109.3,122.6,84.91,124.18,84.5,23.18,116.11
2015-09-25,109.11,121.54,84.87,124.04,84.07,23.18,115.76
2015-09-28,109.37,123.62,84.93,124.35,82.78,23.03,115.96
2015-09-29,109.54,123.97,84.97,124.56,82.77,23.04,116.11
2015-09-30,109.58,123.54,84.99,124.65,83.29,23.04,116.09
2015-10-01,109.46,123.81,84.95,124.53,82.36,23.02,115.73
2015-10-02,109.79,124.56,85.07,124.97,82.44,23.05,116.24
2015-10-05,109.38,122.87,85.01,124.66,83.43,23.12,115.93
2015-10-06,109.65,123.4,85.0,124.76,83.89,23.11,116.16
2015-10-07,109.57,122.99,84.98,124.55,84.75,23.13,116.57
2015-10-08,109.42,121.96,84.96,124.38,85.1,23.16,116.11
2015-10-09,109.33,122.28,84.96,124.33,85.11,23.16,116.16
2015-10-12,109.61,123.21,84.94,124.57,84.95,23.13,116.63
2015-10-13,109.62,123.42,84.97,124.65,84.75,23.15,116.54
2015-10-14,110.03,124.5,85.09,125.12,84.69,23.14,117.0
2015-10-15,109.88,123.89,85.04,124.82,84.89,23.05,116.95
2015-10-16,109.77,123.93,85.0,124.74,85.28,23.08,116.99
2015-10-19,109.88,123.59,85.03,124.75,85.51,23.06,116.98
2015-10-20,109.66,122.83,84.98,124.51,85.59,23.13,116.76
2015-10-21,109.92,124.05,85.01,124.62,85.5,23.11,117.34
2015-10-22,109.94,124.26,85.04,124.77,85.53,23.08,117.59
2015-10-23,109.75,123.2,84.97,124.37,85.83,23.08,117.16
2015-10-26,109.8,124.02,84.97,124.5,85.74,23.06,117.37
2015-10-27,109.96,124.33,85.0,124.67,85.46,23.03,117.4
2015-10-28,109.63,123.83,84.89,124.18,85.69,23.02,116.94
2015-10-29,109.16,121.86,84.83,123.85,85.47,23.0,116.12
2015-10-30,109.45,122.78,84.83,123.91,85.57,23.0,116.42
2015-11-02,109.02,121.95,84.74,123.51,85.44,22.99,115.59
2015-11-03,108.82,120.95,84.73,123.39,85.53,22.99,115.6
2015-11-04,108.82,121.09,84.64,123.15,85.28,22.96,115.47
2015-11-05,108.77,120.77,84.64,123.1,84.95,22.98,115.5
2015-11-06,108.25,119.0,84.56,122.63,84.54,22.95,114.75
2015-11-09,108.18,118.33,84.54,122.52,84.19,22.92,114.56
2015-11-10,108.38,118.68,84.58,122.75,84.0,22.94,114.85
2015-11-11,108.24,118.43,84.56,122.72,83.8,22.88,114.84
2015-11-12,108.34,119.0,84.59,122.76,83.24,22.86,114.8
2015-11-13,108.55,119.68,84.66,123.06,83.0,22.73,115.14
2015-11-16,108.64,119.57,84.66,123.14,83.39,22.78,115.16
2015-11-17,108.72,119.77,84.63,123.09,83.45,22.76,115.28
2015-11-18,108.64,120.02,84.6,122.97,83.61,22.76,115.31
2015-11-19,108.69,120.82,84.58,123.08,82.86,22.73,115.65
2015-11-20,108.62,120.45,84.58,123.01,82.84,22.65,115.63
2015-11-23,108.65,120.82,84.57,123.08,82.77,22.68,115.67
2015-11-24,108.75,120.81,84.57,123.16,82.88,22.71,115.71
2015-11-25,108.8,121.09,84.58,123.15,82.97,22.66,115.82
2015-11-27,108.77,120.97,84.6,123.25,83.1,22.68,115.86
2015-11-30,108.81,121.45,84.57,123.25,83.05,22.69,115.91
2015-12-01,108.82,122.83,84.58,123.43,83.24,22.71,116.45
2015-12-02,108.69,122.87,84.51,123.19,83.07,22.77,116.17
2015-12-03,107.89,119.53,84.51,122.64,82.85,22.8,114.63
2015-12-04,108.24,120.58,84.53,122.81,82.66,22.79,115.25
2015-12-07,108.4,121.75,84.52,122.98,82.08,22.72,115.45
2015-12-08,108.44,121.81,84.51,123.06,81.06,22.51,115.3
2015-12-09,108.44,121.68,84.54,123.22,81.48,22.47,115.27
2015-12-10,108.42,121.84,84.49,123.04,81.14,22.51,115.0
2015-12-11,108.69,123.76,84.59,123.59,79.52,22.29,115.2
2015-12-14,108.18,122.16,84.49,123.12,78.83,22.07,114.35
2015-12-15,108.19,121.44,84.48,122.9,80.12,22.15,114.36
2015-12-16,108.0,121.18,84.41,122.69,80.73,22.23,114.34
2015-12-17,108.15,122.55,84.41,122.86,79.83,22.19,114.47
2015-12-18,108.38,123.23,84.52,123.13,79.53,22.17,114.47
2015-12-21,108.28,123.2,84.51,123.17,79.28,22.22,114.55
2015-12-22,108.2,122.31,84.49,122.96,80.24,22.32,114.4
2015-12-23,108.18,121.39,84.46,122.81,80.75,22.37,114.5
2015-12-24,108.01,121.83,84.45,122.73,80.49,22.36,114.55
2015-12-28,108.01,122.19,84.4,122.78,80.01,22.34,114.41
2015-12-29,107.74,120.16,84.38,122.45,80.47,22.41,113.82
2015-12-30,107.72,120.04,84.4,122.48,80.53,22.43,113.82
2015-12-31,108.01,120.58,84.36,122.61,80.58,22.4,114.01
2016-01-04,107.97,121.45,84.47,122.86,80.1,22.41,113.95
2016-01-05,108.02,120.96,84.42,122.91,80.25,22.36,114.01
2016-01-06,108.43,122.59,84.47,123.27,80.25,22.32,114.46
2016-01-07,108.42,122.81,84.5,123.55,79.73,22.29,114.55
2016-01-08,108.66,123.36,84.56,123.8,79.52,22.31,114.64
2016-01-11,108.35,122.01,84.59,123.65,79.4,22.36,114.27
2016-01-12,108.59,123.77,84.6,123.88,79.48,22.41,114.53
2016-01-13,108.84,124.99,84.65,124.13,78.6,22.38,114.88
2016-01-14,108.8,123.82,84.67,124.1,78.95,22.29,114.31
2016-01-15,108.93,125.75,84.74,124.44,77.91,22.05,114.14
2016-01-19,108.82,125.36,84.73,124.32,77.64,22.07,113.63
2016-01-20,108.91,126.68,84.79,124.65,77.12,22.03,113.8
2016-01-21,108.76,125.82,84.78,124.53,77.64,22.04,113.47
2016-01-22,108.84,125.34,84.75,124.35,78.83,22.19,113.54
2016-01-25,108.78,126.02,84.75,124.48,78.05,22.16,113.42
2016-01-26,108.92,126.08,84.79,124.59,78.75,22.14,113.74
2016-01-27,108.94,126.05,84.81,124.67,78.63,22.1,113.43
2016-01-28,109.03,126.23,84.81,124.82,79.03,22.15,113.56
2016-01-29,109.35,127.3,84.91,125.24,79.29,22.18,114.15
2016-02-01,108.99,126.67,84.82,124.87,78.43,22.11,113.45
2016-02-02,109.32,129.02,84.93,125.38,77.87,22.09,113.66
2016-02-03,109.31,127.95,84.95,125.41,78.25,22.12,113.38
2016-02-04,109.42,128.57,84.97,125.53,78.0,22.1,113.43
2016-02-05,109.32,128.72,84.95,125.54,77.41,22.07,113.41
2016-02-08,109.74,131.49,85.05,126.03,76.5,22.0,114.0
2016-02-09,109.73,131.63,85.02,125.99,76.21,22.0,113.61
2016-02-10,110.0,132.79,85.02,126.14,76.1,21.97,113.75
2016-02-11,110.07,133.72,85.1,126.34,75.59,21.89,114.13
2016-02-12,109.77,131.5,85.0,125.9,76.72,21.81,113.49
2016-02-16,109.5,130.11,84.95,125.74,76.79,21.77,112.95
2016-02-17,109.44,129.31,84.97,125.56,77.42,21.84,112.92
2016-02-18,109.77,130.9,85.04,125.85,77.49,21.82,113.84
2016-02-19,109.79,131.01,84.96,125.74,77.64,21.85,113.76
2016-02-22,109.82,130.94,84.97,125.71,78.31,21.97,113.99
2016-02-23,109.84,131.47,84.98,125.81,78.15,22.01,114.22
2016-02-24,109.88,131.21,85.0,125.85,78.28,22.02,114.33
2016-02-25,110.16,131.68,85.02,126.07,78.7,22.04,114.97
2016-02-26,109.96,130.41,84.91,125.73,79.23,22.07,114.93
2016-02-29,110.09,130.98,84.96,125.78,80.08,22.12,115.01
2016-03-01,109.54,128.43,84.8,125.07,80.92,22.24,114.05
2016-03-02,109.42,128.96,84.79,124.96,80.37,22.23,114.28
2016-03-03,109.55,129.43,84.82,124.97,80.64,22.34,114.82
2016-03-04,109.38,128.6,84.76,124.79,80.87,22.4,114.8
2016-03-07,109.35,128.56,84.7,124.6,80.97,22.48,114.93
2016-03-08,109.62,129.98,84.76,125.0,80.4,22.47,115.54
2016-03-09,109.57,129.19,84.73,124.78,80.6,22.52,115.41
2016-03-10,109.62,128.66,84.72,124.45,81.16,22.55,115.89
2016-03-11,109.42,127.36,84.64,124.28,82.14,22.63,116.22
2016-03-14,109.48,127.76,84.64,124.26,81.91,22.61,116.56
2016-03-15,109.38,127.88,84.67,124.27,81.15,22.54,116.52
2016-03-16,109.85,128.26,84.84,124.79,81.69,22.63,117.08
2016-03-17,110.08,128.79,84.83,124.88,82.21,22.7,117.44
2016-03-18,110.17,129.06,84.85,125.14,82.4,22.72,117.71
2016-03-21,109.93,128.07,84.84,124.87,82.31,22.71,117.57
2016-03-22,109.86,128.04,84.79,124.73,82.09,22.75,117.35
2016-03-23,110.1,129.49,84.84,125.03,81.71,22.63,117.94
2016-03-24,110.11,129.54,84.8,124.96,81.35,22.51,117.89
2016-03-28,110.19,129.71,84.82,125.02,80.98,22.55,117.96
2016-03-29,110.52,131.07,84.98,125.56,81.29,22.56,118.49
2016-03-30,110.48,129.69,84.99,125.67,81.58,22.64,118.35
2016-03-31,110.83,130.61,85.03,125.95,81.69,22.72,118.82
2016-04-01,110.51,130.68,84.93,125.71,81.37,22.7,118.87
2016-04-04,110.62,130.76,84.99,125.81,81.17,22.55,118.88
2016-04-05,110.77,132.19,85.02,126.07,80.87,22.51,119.26
2016-04-06,110.75,131.23,84.99,125.96,81.55,22.61,119.16
2016-04-07,110.99,132.85,85.04,126.28,81.15,22.59,119.48
2016-04-08,110.88,132.01,85.04,126.19,81.52,22.65,119.21
2016-04-11,110.96,131.84,85.03,126.19,81.63,22.73,119.2
2016-04-12,110.78,130.93,85.01,125.92,82.11,22.83,118.73
2016-04-13,110.83,131.39,84.97,125.86,82.65,22.91,119.14
2016-04-14,110.64,130.76,84.97,125.71,82.62,22.85,119.06
2016-04-15,110.95,131.88,85.03,125.92,82.49,22.74,119.56
2016-04-18,110.94,131.31,85.02,125.86,82.96,22.87,119.69
2016-04-19,110.93,130.9,84.99,125.71,83.31,22.89,119.91
2016-04-20,110.66,129.46,84.93,125.43,83.47,22.92,119.58
2016-04-21,110.51,128.69,84.91,125.25,83.21,22.93,119.53
2016-04-22,110.52,128.36,84.91,125.22,83.4,22.99,119.66
2016-04-25,110.4,127.83,84.89,125.1,83.08,23.0,119.38
2016-04-26,110.35,127.25,84.87,124.99,83.36,23.03,119.33
2016-04-27,110.68,128.52,84.93,125.37,83.85,23.07,120.09
2016-04-28,110.9,129.05,84.98,125.61,83.71,23.03,120.2
2016-04-29,110.89,129.38,85.01,125.63,83.85,23.09,120.33
2016-05-02,110.61,127.82,84.93,125.32,83.5,23.1,119.85
2016-05-03,110.81,129.43,85.02,125.72,82.96,23.09,120.06
2016-05-04,110.86,130.14,85.01,125.86,82.65,23.08,119.86
2016-05-05,111.14,131.01,85.04,126.03,82.58,23.07,120.1
2016-05-06,110.97,130.45,85.02,125.88,82.53,23.05,119.84
2016-05-09,111.04,130.86,85.06,126.09,82.38,23.03,119.72
2016-05-10,111.09,130.87,85.08,126.07,83.08,23.05,119.92
2016-05-11,111.09,131.61,85.05,126.06,83.02,23.03,120.05
2016-05-12,110.99,131.01,85.0,125.91,83.15,23.01,119.8
2016-05-13,111.2,132.28,85.01,126.05,82.78,22.92,120.02
2016-05-16,111.01,131.14,84.97,125.8,83.24,22.95,119.62
2016-05-17,110.86,131.36,84.94,125.65,83.07,22.93,119.58
2016-05-18,110.4,129.49,84.79,125.08,83.08,22.91,118.56
2016-05-19,110.47,130.05,84.81,125.14,82.85,22.97,118.84
2016-05-20,110.54,130.15,84.84,125.25,83.14,22.97,118.92
2016-05-23,110.52,130.44,84.83,125.24,83.16,23.01,118.92
2016-05-24,110.46,129.86,84.77,125.07,83.66,23.03,118.72
2016-05-25,110.48,129.37,84.82,125.03,83.79,23.05,118.93
2016-05-26,110.65,130.04,84.87,125.36,83.55,23.03,119.27
2016-05-27,110.63,129.85,84.82,125.1,83.69,23.05,119.18
2016-05-31,110.7,130.16,84.86,125.22,83.61,23.07,119.39
2016-06-01,110.42,130.42,84.75,125.01,83.34,23.1,119.14
2016-06-02,110.7,131.36,84.82,125.2,83.36,23.09,119.38
2016-06-03,111.3,133.23,84.96,125.94,83.51,23.1,120.34
2016-06-06,111.15,132.24,84.94,125.79,83.88,23.09,120.05
2016-06-07,111.25,132.56,84.96,125.92,84.25,23.08,120.23
2016-06-08,111.29,133.27,84.98,125.94,84.57,23.12,120.63
2016-06-09,111.37,134.13,85.0,126.03,84.24,23.11,120.8
2016-06-10,111.52,134.78,85.05,126.28,83.83,23.07,120.94
2016-06-13,111.61,135.38,85.07,126.51,83.27,23.03,120.76
2016-06-14,111.56,135.28,85.08,126.49,82.99,23.0,120.49
2016-06-15,111.8,135.8,85.18,126.83,83.03,22.93,120.94
2016-06-16,111.87,136.46,85.13,126.79,83.08,22.84,121.12
2016-06-17,111.79,135.61,85.14,126.67,83.13,22.82,120.76
2016-06-20,111.48,134.16,85.09,126.32,83.62,22.94,120.61
2016-06-21,111.4,133.54,85.03,126.18,83.94,22.99,120.5
2016-06-22,111.47,133.76,85.06,126.33,84.02,22.94,120.72
2016-06-23,111.28,132.23,85.03,125.97,84.64,22.97,120.6
2016-06-24,111.86,135.78,85.2,126.92,83.25,22.81,121.17
2016-06-27,112.33,139.17,85.28,127.44,82.05,22.7,121.68
2016-06-28,112.47,139.46,85.31,127.45,83.08,22.87,122.35
2016-06-29,112.39,138.39,85.28,127.21,84.13,22.93,122.31
2016-06-30,112.62,138.9,85.32,127.35,84.7,22.97,122.74
2016-07-01,112.65,140.57,85.3,127.41,84.47,22.96,123.05
2016-07-05,112.95,142.33,85.34,127.67,83.99,22.95,123.47
2016-07-06,113.16,142.56,85.3,127.62,84.36,22.99,123.69
2016-07-07,113.08,142.55,85.26,127.59,84.47,22.98,123.71
2016-07-08,113.25,143.6,85.26,127.62,85.59,23.09,124.4
2016-07-11,112.95,142.34,85.17,127.18,85.64,23.1,124.08
2016-07-12,112.61,140.0,85.14,126.85,85.88,23.14,123.38
2016-07-13,112.77,141.65,85.16,126.97,85.63,23.17,123.86
2016-07-14,112.67,139.59,85.11,126.76,85.8,23.17,123.56
2016-07-15,112.26,138.39,85.07,126.52,85.63,23.05,123.09
2016-07-18,112.32,138.26,85.12,126.55,85.92,23.15,123.09
2016-07-19,112.51,139.04,85.13,126.73,85.69,23.13,123.31
2016-07-20,112.41,138.28,85.09,126.58,85.91,23.15,123.27
2016-07-21,112.51,138.56,85.15,126.8,85.79,23.19,123.41
2016-07-22,112.53,138.8,85.12,126.68,86.17,23.19,123.34
2016-07-25,112.4,138.7,85.06,126.55,85.76,23.21,123.27
2016-07-26,112.4,138.92,85.07,126.58,85.43,23.18,123.15
2016-07-27,112.73,140.65,85.13,126.89,85.69,23.21,123.66
2016-07-28,112.72,140.39,85.12,126.97,85.33,23.2,123.54
2016-07-29,113.02,141.56,85.23,127.29,85.41,23.2,123.99
2016-08-01,112.55,139.77,85.15,126.96,84.55,23.17,122.97
2016-08-02,112.22,138.33,85.12,126.83,84.43,23.09,122.28
2016-08-03,112.34,138.41,85.13,126.94,84.81,23.11,122.44
2016-08-04,112.55,139.45,85.19,127.12,85.35,23.17,122.96
2016-08-05,112.17,138.0,85.07,126.54,85.54,23.18,122.46
2016-08-08,112.24,138.26,85.04,126.48,85.89,23.21,122.54
2016-08-09,112.53,139.62,85.09,126.75,86.19,23.24,123.26
2016-08-10,112.66,140.16,85.13,126.93,86.03,23.22,123.61
2016-08-11,112.36,138.91,85.05,126.52,86.24,23.23,123.2
2016-08-12,112.63,140.08,85.11,126.83,86.31,23.25,123.76
2016-08-15,112.43,138.76,85.09,126.62,86.57,23.17,123.38
2016-08-16,112.36,138.39,85.06,126.44,86.39,23.15,123.16
2016-08-17,112.57,139.22,85.06,126.56,86.51,23.2,123.5
2016-08-18,112.73,139.44,85.12,126.73,86.85,23.18,123.8
2016-08-19,112.48,138.71,85.04,126.43,86.59,23.16,123.43
2016-08-22,112.65,139.88,85.05,126.61,86.45,23.18,123.85
2016-08-23,112.68,140.03,85.06,126.62,86.74,23.17,123.99
2016-08-24,112.64,139.7,85.04,126.62,86.5,23.18,123.91
2016-08-25,112.52,139.17,85.01,126.43,86.66,23.18,123.79
2016-08-26,112.34,138.36,84.93,126.07,86.56,23.18,123.4
2016-08-29,112.65,140.21,84.98,126.38,86.99,23.23,124.1
2016-08-30,112.59,139.67,84.99,126.37,87.04,23.23,123.94
2016-08-31,112.57,139.87,84.98,126.24,86.7,23.23,123.89
2016-09-01,112.46,139.77,84.97,126.26,86.5,23.21,123.57
2016-09-02,112.31,138.63,84.97,126.15,86.9,23.23,123.35
2016-09-06,112.55,139.64,85.03,126.57,87.0,23.25,123.78
2016-09-07,112.61,139.54,85.03,126.54,86.76,23.24,123.61
2016-09-08,112.22,137.79,84.97,126.21,86.6,23.25,122.74
2016-09-09,111.73,135.52,84.94,125.95,85.77,23.22,121.82
2016-09-12,111.82,135.59,84.97,126.05,86.07,23.27,121.83
2016-09-13,111.51,134.05,84.94,125.87,85.41,23.2,121.43
2016-09-14,111.65,134.25,84.99,126.05,85.39,23.19,121.51
2016-09-15,111.72,133.67,85.06,126.2,85.89,23.15,121.59
2016-09-16,111.8,134.75,85.02,126.19,85.91,23.13,121.73
2016-09-19,111.71,134.31,85.0,126.09,85.96,23.14,121.69
2016-09-20,111.75,134.78,84.98,126.15,85.86,23.14,121.85
2016-09-21,112.03,135.87,85.0,126.21,86.57,23.18,122.47
2016-09-22,112.26,136.95,84.98,126.31,86.86,23.18,122.97
2016-09-23,112.23,136.82,85.03,126.4,86.76,23.18,122.88
2016-09-26,112.37,137.69,85.08,126.61,86.38,23.18,123.07
2016-09-27,112.51,138.7,85.09,126.7,86.63,23.2,123.37
2016-09-28,112.54,138.4,85.08,126.61,87.21,23.24,123.45
2016-09-29,112.54,138.75,85.11,126.71,86.88,23.2,123.4
2016-09-30,112.42,137.51,85.04,126.54,87.26,23.21,123.18
2016-10-03,112.09,136.81,84.98,126.26,86.82,23.21,122.51
2016-10-04,111.71,135.21,84.91,125.98,86.67,23.19,121.94
2016-10-05,111.56,134.58,84.86,125.85,86.9,23.2,121.81
2016-10-06,111.56,133.83,84.86,125.62,86.95,23.21,121.82
2016-10-07,111.58,133.92,84.89,125.74,87.15,23.22,122.11
2016-10-10,111.53,133.13,84.85,125.55,87.4,23.22,122.11
2016-10-11,111.36,132.83,84.84,125.52,86.91,23.22,121.73
2016-10-12,111.4,132.96,84.84,125.54,86.88,23.21,121.89
2016-10-13,111.56,133.46,84.87,125.75,86.66,23.24,122.19
2016-10-14,111.37,131.59,84.85,125.62,86.86,23.14,121.62
2016-10-17,111.56,132.43,84.92,125.78,86.74,23.15,122.02
2016-10-18,111.74,132.86,84.95,125.93,87.09,23.16,122.32
2016-10-19,111.8,132.97,84.95,125.95,87.34,23.18,122.48
2016-10-20,111.76,133.11,84.91,125.85,87.35,23.19,122.44
2016-10-21,111.83,133.31,84.93,125.88,87.37,23.2,122.51
2016-10-24,111.66,132.73,84.9,125.77,87.42,23.21,122.16
2016-10-25,111.66,133.08,84.9,125.77,87.37,23.22,122.07
2016-10-26,111.44,132.18,84.87,125.65,87.02,23.18,121.56
2016-10-27,111.16,130.74,84.89,125.44,86.7,23.16,121.01
2016-10-28,111.16,130.45,84.89,125.56,86.28,23.2,120.87
2016-10-31,111.3,131.25,84.95,125.62,86.02,23.18,120.98
2016-11-01,111.03,131.01,84.9,125.59,85.3,23.15,120.51
2016-11-02,111.16,131.58,84.95,125.79,84.92,23.06,120.69
2016-11-03,111.01,130.57,84.96,125.81,84.94,23.02,120.45
2016-11-04,111.24,131.74,84.99,126.02,84.98,22.98,120.81
2016-11-07,111.11,130.62,84.96,125.7,86.17,23.08,120.73
2016-11-08,110.93,130.09,84.87,125.41,85.98,23.07,120.46
2016-11-09,109.9,124.57,84.76,124.56,85.38,23.07,118.69
2016-11-10,109.45,122.73,84.73,124.24,84.26,23.02,118.59
2016-11-11,109.25,122.04,84.73,124.03,83.47,23.02,118.08
2016-11-14,108.81,121.31,84.6,123.61,84.09,23.06,117.47
2016-11-15,108.89,121.91,84.63,123.55,85.2,23.05,117.83
2016-11-16,109.13,123.01,84.62,123.55,84.86,23.04,118.0
2016-11-17,108.72,121.2,84.61,123.3,84.63,23.05,117.25
2016-11-18,108.37,120.85,84.56,123.0,84.63,23.05,116.59
2016-11-21,108.46,121.15,84.55,123.02,85.31,23.11,116.71
2016-11-22,108.56,121.11,84.53,123.14,85.94,23.16,117.01
2016-11-23,108.18,120.64,84.48,122.77,85.62,23.1,116.58
2016-11-25,108.17,120.82,84.47,122.79,85.73,23.07,116.59
2016-11-28,108.55,121.71,84.52,123.04,85.72,23.11,117.12
2016-11-29,108.67,122.22,84.53,123.12,85.61,23.11,117.28
2016-11-30,108.24,120.24,84.5,122.74,85.65,23.14,116.84
2016-12-01,107.68,118.73,84.41,122.39,84.87,23.19,115.87
2016-12-02,108.02,119.6,84.5,122.76,85.38,23.22,116.4
2016-12-05,108.11,119.47,84.5,122.67,85.6,23.26,116.65
2016-12-06,108.09,119.38,84.48,122.77,86.03,23.29,116.64
2016-12-07,108.37,120.4,84.51,123.0,86.46,23.32,117.13
2016-12-08,108.17,118.98,84.5,122.81,86.45,23.32,116.65
2016-12-09,107.84,117.5,84.49,122.5,86.49,23.32,116.2
2016-12-12,107.74,117.72,84.46,122.52,86.37,23.33,116.09
2016-12-13,107.88,118.14,84.45,122.49,86.58,23.36,116.35
2016-12-14,107.29,116.82,84.29,121.78,85.93,23.36,115.61
2016-12-15,107.16,117.41,84.25,121.52,85.97,23.3,115.69
2016-12-16,107.23,117.14,84.29,121.66,86.05,23.29,115.6
2016-12-19,107.51,118.4,84.33,121.99,86.27,23.32,116.16
2016-12-20,107.41,117.81,84.34,121.89,86.39,23.33,116.09
2016-12-21,107.64,118.33,84.38,121.97,86.54,23.32,116.46
2016-12-22,107.39,117.81,84.34,121.83,86.44,23.32,116.15
2016-12-23,107.42,118.05,84.34,121.94,86.6,23.33,116.33
2016-12-27,107.34,117.67,84.3,121.78,86.52,23.34,116.12
2016-12-28,107.51,118.53,84.33,122.04,86.4,23.35,116.55
2016-12-29,107.84,118.95,84.42,122.33,86.52,23.35,117.0
2016-12-30,108.06,119.13,84.45,122.51,86.55,23.36,117.18
2017-01-03,108.17,119.64,84.38,122.48,86.91,23.39,117.28
2017-01-04,108.2,120.1,84.4,122.56,87.38,23.39,117.68
2017-01-05,108.65,121.98,84.46,122.93,87.25,23.38,118.31
2017-01-06,108.29,120.86,84.39,122.59,87.23,23.42,117.69
2017-01-09,108.47,121.83,84.46,122.83,87.21,23.39,117.92
2017-01-10,108.44,121.75,84.43,122.85,87.22,23.38,117.85
2017-01-11,108.57,122.16,84.47,122.85,87.27,23.37,118.03
2017-01-12,108.61,121.89,84.5,122.97,87.29,23.41,118.02
2017-01-13,108.42,121.31,84.46,122.78,87.32,23.36,117.78
2017-01-17,108.79,122.58,84.52,123.2,87.23,23.35,118.29
2017-01-18,108.32,121.01,84.44,122.66,87.31,23.35,117.51
2017-01-19,108.04,120.18,84.41,122.47,87.03,23.34,117.11
2017-01-20,108.08,119.94,84.46,122.61,87.2,23.33,117.32
2017-01-23,108.38,121.14,84.54,122.99,87.2,23.33,117.86
2017-01-24,108.21,120.31,84.49,122.73,87.26,23.34,117.51
2017-01-25,107.92,118.8,84.47,122.43,87.57,23.35,117.06
2017-01-26,107.99,119.2,84.48,122.54,87.53,23.34,117.2
2017-01-27,108.08,119.63,84.52,122.6,87.61,23.32,117.34
2017-01-30,108.03,119.27,84.52,122.63,87.43,23.32,117.14
2017-01-31,108.29,120.1,84.54,122.87,87.34,23.3,117.35
2017-02-01,107.92,119.1,84.46,122.57,87.28,23.29,116.89
2017-02-02,107.98,119.05,84.49,122.62,87.33,23.29,116.92
2017-02-03,108.01,119.0,84.46,122.67,87.48,23.27,117.05
2017-02-06,108.32,119.72,84.55,123.04,87.42,23.29,117.42
2017-02-07,108.43,120.6,84.53,123.09,87.29,23.27,117.62
2017-02-08,108.74,122.24,84.61,123.37,87.35,23.26,118.03
2017-02-09,108.48,120.83,84.54,123.0,87.47,23.29,117.56
2017-02-10,108.46,120.76,84.53,122.94,87.53,23.29,117.53
2017-02-13,108.3,120.38,84.51,122.83,87.66,23.29,117.48
2017-02-14,108.06,119.51,84.45,122.48,87.72,23.28,117.2
2017-02-15,107.89,118.96,84.42,122.36,87.75,23.26,117.11
2017-02-16,108.12,119.61,84.46,122.7,87.68,23.27,117.44
2017-02-17,108.36,120.32,84.52,122.91,87.77,23.26,117.74
2017-02-21,108.35,120.11,84.53,122.85,88.06,23.28,117.79
2017-02-22,108.42,120.31,84.55,122.96,88.1,23.29,117.88
2017-02-23,108.6,120.67,84.59,123.16,88.18,23.31,118.18
2017-02-24,109.0,122.01,84.63,123.46,88.25,23.32,118.78
2017-02-27,108.8,121.29,84.56,123.16,88.36,23.36,118.5
2017-02-28,108.77,121.74,84.52,123.05,88.29,23.37,118.58
2017-03-01,108.04,119.47,84.4,122.37,88.23,23.41,117.56
2017-03-02,107.84,119.04,84.31,122.17,87.95,23.37,117.38
2017-03-03,107.92,119.35,84.33,122.27,87.99,23.42,117.5
2017-03-06,107.87,118.78,84.35,122.29,87.71,23.4,117.29
2017-03-07,107.73,118.42,84.32,122.13,87.14,23.36,116.71
2017-03-08,107.47,117.78,84.25,121.93,86.56,23.35,116.35
2017-03-09,107.14,116.84,84.24,121.7,86.33,23.3,115.72
2017-03-10,107.3,117.25,84.29,121.89,86.3,23.25,116.01
2017-03-13,107.12,116.51,84.25,121.74,86.37,23.31,115.62
2017-03-14,107.16,117.07,84.24,121.8,86.11,23.29,115.72
2017-03-15,107.78,118.5,84.4,122.44,87.3,23.29,116.72
2017-03-16,107.66,117.9,84.34,122.22,87.05,23.27,116.55
2017-03-17,107.89,118.64,84.38,122.41,87.08,23.25,116.82
2017-03-20,108.05,119.15,84.43,122.58,87.0,23.27,117.1
2017-03-21,108.27,120.14,84.47,122.83,86.29,23.18,117.38
2017-03-22,108.42,120.62,84.49,122.92,86.5,23.17,117.68
2017-03-23,108.45,120.45,84.49,122.87,86.53,23.14,117.6
2017-03-24,108.36,120.88,84.49,122.88,86.83,23.2,117.72
2017-03-27,108.62,121.43,84.52,123.04,86.74,23.17,117.97
2017-03-28,108.37,120.62,84.48,122.79,87.22,23.19,117.72
2017-03-29,108.61,121.34,84.53,123.01,87.4,23.22,118.1
2017-03-30,108.41,120.36,84.51,122.85,87.81,23.23,117.79
2017-03-31,108.49,120.71,84.52,123.05,87.78,23.26,117.91
2017-04-03,108.67,121.67,84.54,123.23,87.36,23.28,118.12
2017-04-04,108.57,121.01,84.51,123.14,87.39,23.3,117.81
2017-04-05,108.69,121.38,84.51,123.39,87.32,23.31,117.96
2017-04-06,108.68,121.2,84.53,123.28,87.43,23.31,118.07
2017-04-07,108.44,120.71,84.42,122.97,87.39,23.29,117.78
2017-04-10,108.58,121.27,84.46,123.12,87.51,23.32,118.0
2017-04-11,108.89,122.42,84.54,123.46,87.34,23.32,118.55
2017-04-12,109.13,123.09,84.6,123.69,87.4,23.31,118.94
2017-04-13,109.27,123.47,84.64,123.91,87.22,23.23,119.14
2017-04-17,109.21,123.09,84.63,123.83,87.48,23.26,118.91
2017-04-18,109.65,124.7,84.7,124.25,87.46,23.27,119.61
2017-04-19,109.48,124.02,84.66,124.03,87.38,23.22,119.25
2017-04-20,109.31,123.54,84.65,123.9,87.67,23.26,119.08
2017-04-21,109.34,123.54,84.69,123.99,87.6,23.26,119.08
2017-04-24,109.18,122.93,84.6,123.8,88.01,23.27,118.92
2017-04-25,108.82,121.45,84.52,123.43,88.17,23.28,118.45
2017-04-26,108.96,122.12,84.55,123.61,88.09,23.24,118.74
2017-04-27,109.06,122.08,84.58,123.69,88.15,23.24,118.85
2017-04-28,109.25,122.35,84.62,123.72,88.12,23.28,118.99
2017-05-01,108.73,121.08,84.5,123.48,87.79,23.27,118.3
2017-05-02,108.88,121.7,84.53,123.64,87.82,23.27,118.65
2017-05-03,108.77,121.78,84.47,123.42,87.9,23.24,118.59
2017-05-04,108.68,121.18,84.46,123.28,87.43,23.23,118.36
2017-05-05,108.7,121.29,84.49,123.31,87.58,23.23,118.4
2017-05-08,108.49,120.63,84.45,123.14,87.68,23.28,118.19
2017-05-09,108.5,120.62,84.41,123.08,87.62,23.27,118.21
2017-05-10,108.53,120.48,84.43,123.03,88.0,23.3,118.37
2017-05-11,108.52,120.48,84.44,123.14,88.01,23.28,118.43
2017-05-12,108.92,121.39,84.54,123.51,87.98,23.3,119.03
2017-05-15,108.88,121.06,84.53,123.46,88.18,23.25,119.02
2017-05-16,109.02,121.51,84.53,123.53,88.31,23.28,119.19
2017-05-17,109.58,123.28,84.62,124.07,87.92,23.27,119.92
2017-05-18,109.52,123.42,84.58,123.96,88.02,23.25,119.9
2017-05-19,109.52,123.71,84.6,123.96,88.18,23.22,119.97
2017-05-22,109.45,123.37,84.57,123.91,88.45,23.28,119.87
2017-05-23,109.24,122.54,84.54,123.68,88.44,23.26,119.5
2017-05-24,109.43,123.23,84.59,123.93,88.59,23.28,119.69
2017-05-25,109.48,123.27,84.59,123.92,88.52,23.3,119.74
2017-05-26,109.44,123.48,84.58,123.96,88.57,23.3,119.83
2017-05-30,109.65,124.09,84.61,124.11,88.66,23.29,120.11
2017-05-31,109.76,124.4,84.62,124.11,88.65,23.31,120.25
2017-06-01,109.48,124.15,84.54,123.94,88.53,23.28,119.96
2017-06-02,109.84,125.62,84.6,124.22,88.58,23.31,120.52
2017-06-05,109.67,124.84,84.53,124.06,88.5,23.27,120.18
2017-06-06,109.89,125.52,84.56,124.3,88.36,23.25,120.53
2017-06-07,109.76,124.92,84.53,124.12,88.18,23.22,120.38
2017-06-08,109.65,124.59,84.51,124.01,88.25,23.23,120.17
2017-06-09,109.56,124.4,84.48,123.94,88.32,23.22,120.05
2017-06-12,109.56,124.36,84.47,123.93,88.47,23.25,120.08
2017-06-13,109.59,124.38,84.47,123.95,88.63,23.26,120.21
2017-06-14,109.94,126.3,84.51,124.24,88.64,23.22,121.03
2017-06-15,109.87,126.1,84.48,124.06,88.3,23.14,120.74
2017-06-16,109.94,126.35,84.52,124.15,88.15,23.15,120.84
2017-06-19,109.79,126.17,84.47,123.94,88.42,23.14,120.69
2017-06-20,109.96,127.3,84.48,124.06,88.11,23.1,120.96
2017-06-21,109.98,127.56,84.49,124.09,87.6,23.04,121.02
2017-06-22,110.03,127.84,84.5,124.15,87.84,23.07,121.12
2017-06-23,110.05,127.78,84.55,124.18,88.2,23.06,121.18
2017-06-26,110.15,128.26,84.55,124.23,88.32,23.1,121.4
2017-06-27,109.82,126.89,84.5,123.91,88.04,23.12,120.85
2017-06-28,109.86,126.47,84.54,123.98,88.4,23.1,120.98
2017-06-29,109.65,125.41,84.49,123.75,88.18,23.08,120.61
2017-06-30,109.51,125.12,84.49,123.57,88.39,23.14,120.51
2017-07-03,109.09,124.46,84.36,123.18,87.97,23.12,119.93
2017-07-05,109.15,124.49,84.39,123.24,87.9,23.13,120.13
2017-07-06,108.94,123.46,84.41,123.15,87.68,23.12,119.82
2017-07-07,108.9,122.72,84.4,123.1,87.6,23.13,119.72
2017-07-10,108.95,122.9,84.44,123.23,87.7,23.15,119.92
2017-07-11,109.05,123.11,84.47,123.35,87.64,23.16,119.97
2017-07-12,109.38,123.96,84.51,123.57,88.21,23.21,120.5
2017-07-13,109.26,123.18,84.47,123.48,88.28,23.2,120.29
2017-07-14,109.37,123.33,84.51,123.63,88.53,23.16,120.57
2017-07-17,109.42,123.67,84.52,123.67,88.56,23.16,120.68
2017-07-18,109.67,124.75,84.54,123.9,88.6,23.17,121.2
2017-07-19,109.7,124.8,84.54,123.88,88.75,23.18,121.16
2017-07-20,109.73,125.16,84.54,123.88,88.8,23.22,121.27
2017-07-21,109.92,125.69,84.58,124.03,88.73,23.24,121.55
2017-07-24,109.82,125.2,84.55,123.91,88.8,23.26,121.41
2017-07-25,109.43,123.57,84.5,123.56,88.84,23.26,120.69
2017-07-26,109.64,123.77,84.56,123.87,88.97,23.27,121.09
2017-07-27,109.48,123.16,84.54,123.78,88.9,23.28,120.79
2017-07-28,109.7,123.89,84.59,123.92,88.91,23.29,121.11
2017-07-31,109.65,124.04,84.58,123.88,88.91,23.27,121.11
2017-08-01,109.72,124.64,84.54,123.93,88.63,23.27,121.23
2017-08-02,109.64,124.71,84.5,123.83,88.65,23.25,121.04
2017-08-03,109.86,126.0,84.53,124.02,88.48,23.24,121.21
2017-08-04,109.68,124.93,84.5,123.88,88.5,23.22,120.74
2017-08-07,109.67,125.07,84.53,123.91,88.46,23.22,120.77
2017-08-08,109.57,124.62,84.53,123.84,88.08,23.25,120.19
2017-08-09,109.67,125.3,84.52,123.95,87.74,23.22,120.31
2017-08-10,109.78,126.37,84.55,124.18,87.18,23.15,120.27
2017-08-11,109.87,126.43,84.66,124.36,87.33,23.16,120.49
2017-08-14,109.82,125.78,84.59,124.17,87.79,23.18,120.41
2017-08-15,109.66,125.25,84.55,123.94,87.82,23.1,120.27
2017-08-16,109.86,125.71,84.6,124.1,87.83,23.12,120.61
2017-08-17,110.02,126.65,84.62,124.31,87.34,23.04,120.73
2017-08-18,109.95,126.62,84.61,124.31,87.47,23.05,120.65
2017-08-21,110.03,126.93,84.63,124.34,87.56,23.03,120.82
2017-08-22,109.93,126.44,84.62,124.2,87.92,23.08,120.7
2017-08-23,110.18,127.3,84.7,124.45,87.93,23.06,121.16
2017-08-24,110.04,126.83,84.62,124.28,88.06,23.13,120.93
2017-08-25,110.12,127.32,84.65,124.38,88.22,23.14,121.21
2017-08-28,110.16,127.24,84.62,124.46,88.23,23.14,121.21
2017-08-29,110.32,127.65,84.66,124.63,88.12,23.14,121.3
2017-08-30,110.3,127.61,84.68,124.56,88.36,23.12,121.4
2017-08-31,110.45,127.99,84.68,124.66,88.6,23.14,121.61
2017-09-01,109.97,126.75,84.59,124.29,88.32,23.12,120.81
2017-09-05,110.42,128.76,84.67,124.81,88.12,23.07,121.56
2017-09-06,110.3,127.97,84.66,124.52,88.06,23.09,121.13
2017-09-07,110.57,129.28,84.71,124.95,88.07,23.12,121.6
2017-09-08,110.44,129.0,84.69,124.88,87.79,23.09,121.24
2017-09-11,110.14,127.46,84.61,124.56,88.07,23.12,120.87
2017-09-12,109.98,126.79,84.57,124.3,88.18,23.12,120.74
2017-09-13,109.87,126.29,84.55,124.17,88.21,23.1,120.62
2017-09-14,109.93,126.81,84.56,124.17,88.33,23.11,120.92
2017-09-15,109.91,126.86,84.55,124.08,88.41,23.12,121.02
2017-09-18,109.86,126.13,84.5,123.97,88.37,23.05,120.9
2017-09-19,109.8,125.82,84.51,123.91,88.46,23.05,120.97
2017-09-20,109.71,125.91,84.44,123.66,88.45,23.06,120.82
2017-09-21,109.69,125.84,84.42,123.65,88.34,23.1,120.82
2017-09-22,109.77,126.2,84.44,123.78,88.43,23.07,120.98
2017-09-25,110.03,126.99,84.49,123.96,88.48,23.06,121.43
2017-09-26,109.99,126.76,84.47,123.87,88.59,23.09,121.41
2017-09-27,109.67,124.85,84.46,123.62,88.63,23.13,120.94
2017-09-28,109.68,124.48,84.47,123.69,88.63,23.14,121.12
2017-09-29,109.59,124.76,84.45,123.51,88.76,23.16,121.23
2017-10-02,109.43,124.28,84.44,123.28,88.35,23.13,121.02
2017-10-03,109.52,124.4,84.39,123.44,88.51,23.15,121.29
2017-10-04,109.49,124.41,84.55,123.37,88.42,23.14,121.22
2017-10-05,109.44,123.94,84.37,123.31,88.53,23.16,121.05
2017-10-06,109.28,123.59,84.34,123.22,88.4,23.19,120.95
2017-10-09,109.43,123.98,84.34,123.3,88.41,23.17,121.05
2017-10-10,109.44,124.18,84.36,123.32,88.48,23.2,121.13
2017-10-11,109.46,124.42,84.35,123.35,88.39,23.2,121.07
2017-10-12,109.59,124.95,84.34,123.39,88.29,23.22,121.1
2017-10-13,109.86,125.85,84.39,123.6,88.33,23.2,121.58
2017-10-16,109.75,125.76,84.31,123.4,88.38,23.21,121.41
2017-10-17,109.71,125.92,84.32,123.34,88.51,23.24,121.39
2017-10-18,109.54,125.09,84.29,123.19,88.6,23.25,121.21
2017-10-19,109.62,125.31,84.34,123.3,88.61,23.21,121.39
2017-10-20,109.3,123.98,84.29,123.01,88.69,23.21,121.06
2017-10-23,109.42,124.2,84.29,123.11,88.59,23.16,121.18
2017-10-24,109.19,123.43,84.27,122.96,88.59,23.18,120.88
2017-10-25,109.12,122.84,84.25,122.89,88.34,23.13,120.56
2017-10-26,109.0,122.43,84.25,122.79,88.23,23.11,120.55
2017-10-27,109.24,123.24,84.31,123.02,88.47,23.14,120.91
2017-10-30,109.54,124.42,84.35,123.23,88.45,23.14,121.31
2017-10-31,109.47,124.46,84.3,123.12,88.47,23.12,121.14
2017-11-01,109.29,124.75,84.21,122.97,88.02,23.11,121.01
2017-11-02,109.35,125.3,84.23,123.06,87.97,23.11,120.99
2017-11-03,109.45,125.64,84.18,123.13,87.98,23.09,121.13
2017-11-06,109.55,126.11,84.23,123.2,87.99,23.09,121.16
2017-11-07,109.58,126.64,84.19,123.16,87.74,23.11,121.06
2017-11-08,109.51,126.36,84.18,123.07,87.35,23.06,120.9
2017-11-09,109.43,126.0,84.17,123.08,86.92,23.05,120.58
2017-11-10,108.99,124.1,84.14,122.83,87.11,23.03,119.89
2017-11-13,108.99,124.36,84.13,122.73,87.05,23.03,119.91
2017-11-14,109.1,125.2,84.15,122.81,86.68,23.0,119.94
2017-11-15,109.31,126.56,84.12,122.97,86.68,22.98,120.45
2017-11-16,109.19,125.46,84.13,122.82,87.53,23.0,120.31
2017-11-17,109.31,126.39,84.08,122.88,87.47,23.04,120.46
2017-11-20,109.25,126.34,84.05,122.71,87.49,23.0,120.46
2017-11-21,109.36,126.74,84.03,122.61,87.67,23.03,120.86
2017-11-22,109.55,127.15,84.1,122.93,87.81,23.03,121.33
2017-11-24,109.53,126.8,84.1,122.85,87.87,23.02,121.19
2017-11-27,109.53,126.62,84.1,122.92,87.6,23.03,121.12
2017-11-28,109.53,126.79,84.11,122.9,87.87,23.05,121.29
2017-11-29,109.26,125.54,84.09,122.72,87.76,23.01,120.81
2017-11-30,109.08,125.12,84.04,122.5,87.78,23.05,120.67
2017-12-01,109.16,126.55,83.98,122.52,87.38,23.05,120.72
2017-12-04,109.15,126.61,83.93,122.43,87.35,23.05,120.91
2017-12-05,109.26,127.24,83.92,122.44,87.3,23.04,121.14
2017-12-06,109.37,127.68,83.96,122.58,87.22,23.05,121.37
2017-12-07,109.23,126.68,83.97,122.47,87.26,23.06,121.13
2017-12-08,109.19,126.69,83.97,122.48,87.35,23.06,120.98
2017-12-11,109.15,126.43,83.93,122.39,87.37,23.08,121.07
2017-12-12,109.1,126.38,83.93,122.34,87.33,23.08,120.98
2017-12-13,109.41,127.33,84.02,122.64,87.38,23.05,121.4
2017-12-14,109.44,127.87,83.99,122.54,87.2,23.04,121.62
2017-12-15,109.47,128.35,83.95,122.46,87.21,23.05,121.79
2017-12-18,109.33,127.18,83.95,122.41,87.3,23.02,121.43
2017-12-19,109.01,125.53,83.91,122.12,87.12,22.97,120.81
2017-12-20,108.76,124.14,83.92,122.02,87.19,22.97,120.49
2017-12-21,108.82,124.6,83.82,121.82,86.92,22.97,120.56
2017-12-22,108.87,124.77,83.79,121.84,87.0,22.99,120.65
2017-12-26,108.96,125.14,83.78,121.85,87.13,23.01,120.81
2017-12-27,109.3,126.77,83.82,122.13,87.17,23.01,121.48
2017-12-28,109.22,126.66,83.83,122.06,87.13,23.02,121.4
2017-12-29,109.33,126.86,83.85,122.16,87.26,23.04,121.56
2018-01-02,109.17,125.49,83.82,121.99,87.34,23.09,120.75
2018-01-03,109.18,126.09,83.82,122.02,87.76,23.07,120.97
2018-01-04,109.11,126.07,83.78,121.9,87.91,23.11,120.93
2018-01-05,109.04,125.71,83.78,121.83,87.97,23.1,120.89
2018-01-08,109.01,125.63,83.78,121.82,87.9,23.08,120.88
2018-01-09,108.71,123.95,83.75,121.57,87.63,23.09,120.44
2018-01-10,108.71,123.8,83.78,121.58,87.44,23.08,120.52
2018-01-11,108.76,124.31,83.75,121.62,87.73,23.1,120.81
2018-01-12,108.74,124.52,83.74,121.55,87.58,23.11,120.83
2018-01-16,108.77,125.04,83.73,121.54,87.53,23.11,120.94
2018-01-17,108.65,124.87,83.7,121.35,87.54,23.14,120.61
2018-01-18,108.41,123.71,83.68,121.22,87.45,23.13,120.14
2018-01-19,108.18,123.06,83.71,121.06,87.54,23.18,119.77
2018-01-22,108.14,123.18,83.67,121.01,87.62,23.12,119.66
2018-01-23,108.4,123.71,83.72,121.24,87.88,23.15,120.18
2018-01-24,108.29,123.04,83.7,121.13,87.75,23.16,120.1
2018-01-25,108.57,124.05,83.68,121.24,87.69,23.18,120.71
2018-01-26,108.37,123.59,83.63,120.98,87.76,23.2,120.55
2018-01-29,108.18,122.73,83.6,120.84,87.45,23.19,120.23
2018-01-30,108.01,122.01,83.61,120.76,87.15,23.17,119.82
2018-01-31,108.1,122.73,83.61,120.67,87.3,23.23,120.07
2018-02-01,107.52,120.7,83.49,120.52,86.77,23.27,119.22
2018-02-02,107.2,119.58,83.5,120.14,86.22,23.23,118.61
2018-02-05,107.63,120.71,83.65,120.73,85.74,23.26,118.68
2018-02-06,107.32,119.96,83.59,120.38,86.26,23.18,118.44
2018-02-07,107.08,118.82,83.53,120.22,85.94,23.17,118.11
2018-02-08,106.9,118.69,83.54,120.38,85.19,23.07,117.6
2018-02-09,106.76,117.94,83.61,120.4,84.95,23.04,117.22
2018-02-12,106.79,118.46,83.57,120.29,85.53,23.13,117.22
2018-02-13,106.82,118.99,83.57,120.4,85.26,23.09,117.18
2018-02-14,106.46,117.67,83.45,119.89,85.41,23.14,116.75
2018-02-15,106.59,118.07,83.42,119.91,86.1,23.14,117.3
2018-02-16,106.8,118.71,83.44,120.06,86.45,23.14,117.65
2018-02-20,106.69,118.19,83.43,119.98,86.15,23.08,117.15
2018-02-21,106.35,116.74,83.44,119.8,85.76,23.1,116.51
2018-02-22,106.36,117.09,83.45,119.95,85.82,23.12,116.67
2018-02-23,106.63,118.13,83.47,120.14,86.39,23.13,117.21
2018-02-26,106.71,118.17,83.48,120.22,86.54,23.15,117.36
2018-02-27,106.48,118.0,83.42,119.97,86.31,23.12,116.85
2018-02-28,106.77,118.75,83.44,120.06,86.18,23.1,117.07
2018-03-01,106.63,119.32,83.47,120.26,85.27,23.13,116.62
2018-03-02,106.46,118.35,83.43,120.02,85.75,23.12,116.25
2018-03-05,106.4,118.03,83.43,119.98,85.75,23.15,116.21
2018-03-06,106.42,118.14,83.41,119.94,85.87,23.15,116.31
2018-03-07,106.4,118.01,83.41,119.94,85.66,23.16,116.27
2018-03-08,106.57,118.69,83.43,120.08,85.76,23.18,116.5
2018-03-09,106.37,117.91,83.39,119.96,86.07,23.19,116.09
2018-03-12,106.43,118.59,83.43,120.08,85.93,23.18,116.24
2018-03-13,106.57,119.19,83.45,120.15,85.66,23.2,116.25
2018-03-14,106.75,120.24,83.44,120.25,85.56,23.18,116.51
2018-03-15,106.76,120.24,83.45,120.23,85.62,23.18,116.63
2018-03-16,106.7,119.81,83.41,120.13,85.8,23.17,116.76
2018-03-19,106.59,119.43,83.41,120.08,85.45,23.12,116.37
2018-03-20,106.42,118.95,83.38,119.9,85.62,23.12,115.96
2018-03-21,106.41,119.08,83.44,120.0,85.65,23.1,115.89
2018-03-22,106.61,120.26,83.48,120.24,85.14,23.08,116.09
2018-03-23,106.61,120.17,83.5,120.37,84.92,23.06,115.72
2018-03-26,106.57,119.71,83.46,120.18,85.47,23.09,116.13
2018-03-27,106.88,120.99,83.52,120.54,85.39,23.1,116.55
2018-03-28,106.94,121.31,83.53,120.49,85.35,23.08,116.86
2018-03-29,107.25,121.9,83.56,120.62,85.64,23.13,117.39
2018-04-02,106.9,121.88,83.49,120.53,84.96,23.1,116.99
2018-04-03,106.78,120.94,83.45,120.31,85.2,23.11,116.68
2018-04-04,106.82,120.69,83.4,120.26,85.39,23.09,116.68
2018-04-05,106.67,119.79,83.42,120.12,85.46,23.11,116.72
2018-04-06,106.91,121.1,83.49,120.43,85.27,23.1,117.07
2018-04-09,107.0,121.3,83.48,120.42,85.59,23.11,117.13
2018-04-10,106.92,121.08,83.44,120.26,85.9,23.12,117.16
2018-04-11,107.01,121.51,83.44,120.29,85.93,23.12,117.24
2018-04-12,106.77,120.62,83.39,120.05,86.24,23.11,116.92
2018-04-13,106.8,120.9,83.37,120.04,86.29,23.15,116.96
2018-04-16,106.82,120.94,83.36,120.01,86.42,23.16,116.97
2018-04-17,106.85,121.27,83.36,120.03,86.46,23.18,116.98
2018-04-18,106.55,120.3,83.29,119.75,86.37,23.17,116.38
2018-04-19,106.29,119.32,83.29,119.63,86.1,23.15,115.94
2018-04-20,106.0,118.46,83.26,119.4,85.89,23.14,115.47
2018-04-23,105.95,118.49,83.25,119.32,85.66,23.09,115.42
2018-04-24,105.81,117.95,83.27,119.28,85.49,23.09,115.08
2018-04-25,105.67,117.16,83.26,119.22,85.5,23.09,114.72
2018-04-26,105.85,117.98,83.28,119.36,85.8,23.15,115.06
2018-04-27,105.98,118.89,83.3,119.46,85.76,23.13,115.32
2018-04-30,106.0,119.1,83.27,119.52,85.7,23.11,115.22
2018-05-01,105.67,118.41,83.13,119.18,85.4,23.11,114.58
2018-05-02,105.67,118.28,83.16,119.26,85.37,23.1,114.49
2018-05-03,105.79,118.81,83.22,119.44,85.36,23.11,114.51
2018-05-04,105.86,118.99,83.19,119.44,85.42,23.09,114.67
2018-05-07,105.81,118.8,83.19,119.4,85.5,23.08,114.54
2018-05-08,105.69,118.69,83.2,119.31,85.37,23.09,114.5
2018-05-09,105.57,117.98,83.16,119.17,85.51,23.09,114.48
2018-05-10,105.81,118.93,83.16,119.25,85.76,23.12,115.06
2018-05-11,105.86,119.23,83.16,119.23,85.73,23.11,115.26
2018-05-14,105.76,118.6,83.16,119.16,85.75,23.12,115.05
2018-05-15,105.29,117.25,83.11,118.8,85.33,23.1,114.18
2018-05-16,105.17,116.8,83.11,118.68,85.44,23.09,114.03
2018-05-17,105.03,116.21,83.13,118.73,85.49,23.09,113.81
2018-05-18,105.3,117.21,83.17,118.96,85.4,23.1,114.28
2018-05-21,105.31,117.27,83.17,118.99,85.52,23.04,114.35
2018-05-22,105.31,117.09,83.17,118.98,85.58,23.02,114.23
2018-05-23,105.6,117.94,83.24,119.28,85.65,23.01,114.72
2018-05-24,105.89,118.88,83.29,119.45,85.7,23.0,115.04
2018-05-25,106.12,119.62,83.36,119.78,85.56,23.0,115.38
2018-05-29,106.82,122.24,83.6,120.57,85.2,23.01,115.99
2018-05-30,106.55,121.42,83.5,120.22,85.46,23.03,115.54
2018-05-31,106.46,121.22,83.46,120.21,85.38,22.99,115.49
2018-06-01,106.08,120.3,83.27,119.68,85.19,22.99,114.91
2018-06-04,105.83,119.43,83.2,119.4,85.37,23.02,114.65
2018-06-05,105.91,119.71,83.25,119.62,85.47,23.02,114.73
2018-06-06,105.67,118.74,83.22,119.36,85.68,23.05,114.31
2018-06-07,105.9,119.89,83.3,119.64,85.71,23.05,114.69
2018-06-08,105.75,119.53,83.28,119.54,85.66,23.06,114.5
2018-06-11,105.64,119.31,83.25,119.46,85.82,23.07,114.39
2018-06-12,105.67,119.34,83.21,119.4,85.89,23.08,114.4
2018-06-13,105.57,119.28,83.17,119.28,85.92,23.06,114.29
2018-06-14,105.84,120.27,83.2,119.44,86.17,23.06,114.81
2018-06-15,105.88,120.38,83.24,119.48,86.12,23.08,114.65
2018-06-18,105.9,120.27,83.26,119.53,86.11,23.0,114.53
2018-06-19,106.01,120.97,83.29,119.7,85.99,22.95,114.59
2018-06-20,105.81,119.91,83.25,119.52,86.08,22.94,113.95
2018-06-21,105.84,120.54,83.3,119.68,85.9,22.94,113.86
2018-06-22,105.94,120.53,83.31,119.72,85.91,22.96,114.0
2018-06-25,105.88,120.8,83.34,119.83,85.71,22.92,113.89
2018-06-26,106.05,120.97,83.34,119.87,85.7,22.94,114.27
2018-06-27,106.24,122.11,83.39,120.13,85.52,22.91,114.66
2018-06-28,106.23,122.14,83.39,120.03,85.28,22.88,114.51
2018-06-29,106.32,121.72,83.37,120.0,85.08,22.9,114.57
2018-07-02,105.99,121.35,83.23,119.7,84.78,22.92,114.24
2018-07-03,106.21,122.0,83.26,119.87,84.79,22.94,114.66
2018-07-05,106.31,122.35,83.25,119.84,85.11,22.98,115.02
2018-07-06,106.42,122.75,83.27,119.94,85.33,23.04,115.18
2018-07-09,106.32,121.96,83.22,119.78,85.46,23.07,115.26
2018-07-10,106.24,121.95,83.21,119.69,85.47,23.04,115.13
2018-07-11,106.28,122.42,83.24,119.83,85.34,23.02,115.36
2018-07-12,106.41,122.41,83.23,119.8,85.61,23.04,115.61
2018-07-13,106.51,122.72,83.25,119.95,85.61,23.04,115.7
2018-07-16,106.39,122.21,83.23,119.8,85.55,23.02,115.51
2018-07-17,106.35,121.98,83.22,119.76,85.58,23.05,115.43
2018-07-18,106.32,121.49,83.21,119.72,85.62,23.04,115.41
2018-07-19,106.48,122.26,83.25,119.95,85.58,23.05,115.59
2018-07-20,106.27,120.76,83.25,119.79,85.62,23.08,115.25
2018-07-23,105.9,119.27,83.2,119.5,85.59,22.97,114.79
2018-07-24,106.05,119.68,83.21,119.51,85.77,23.0,115.15
2018-07-25,106.06,119.49,83.18,119.45,85.93,23.02,115.3
2018-07-26,106.0,119.26,83.18,119.33,85.94,23.04,115.41
2018-07-27,106.08,119.46,83.19,119.45,85.91,23.0,115.56
2018-07-30,105.97,119.05,83.19,119.41,85.94,23.01,115.4
2018-07-31,106.06,119.7,83.19,119.47,86.12,23.02,115.76
2018-08-01,105.7,118.46,83.06,119.11,85.83,23.03,115.01
2018-08-02,105.74,118.63,83.11,119.26,85.88,23.02,115.15
2018-08-03,105.97,119.22,83.12,119.47,85.95,23.02,115.51
2018-08-06,106.04,119.29,83.14,119.51,86.11,23.03,115.62
2018-08-07,105.85,118.67,83.11,119.33,86.15,23.03,115.26
2018-08-08,105.85,118.79,83.12,119.4,86.1,23.05,115.08
2018-08-09,106.0,119.79,83.17,119.57,86.04,23.05,115.17
2018-08-10,106.23,120.66,83.25,119.88,85.89,23.06,115.36
2018-08-13,106.29,120.41,83.23,119.9,85.83,23.06,115.33
2018-08-14,106.19,120.14,83.23,119.8,85.98,23.08,115.48
2018-08-15,106.34,120.84,83.27,119.99,85.83,23.06,115.72
2018-08-16,106.4,120.83,83.25,119.95,85.94,23.08,115.87
2018-08-17,106.46,120.98,83.28,119.95,86.04,23.09,115.97
2018-08-20,106.67,121.79,83.33,120.2,86.08,23.03,116.27
2018-08-21,106.58,121.38,83.31,120.09,86.21,23.02,115.98
2018-08-22,106.67,121.86,83.33,120.21,86.24,23.03,115.97
2018-08-23,106.61,122.05,83.32,120.17,86.23,23.02,116.01
2018-08-24,106.73,122.29,83.33,120.15,86.38,23.03,116.24
2018-08-27,106.59,121.59,83.3,120.03,86.41,23.05,116.06
2018-08-28,106.39,120.86,83.27,119.86,86.37,23.04,115.62
2018-08-29,106.37,121.02,83.26,119.8,86.32,23.06,115.5
2018-08-30,106.42,121.28,83.32,119.98,86.25,23.05,115.61
2018-08-31,106.41,121.0,83.34,120.07,86.36,23.06,115.44
2018-09-04,106.06,120.03,83.19,119.75,85.81,23.07,114.88
2018-09-05,106.01,119.71,83.19,119.74,85.72,23.07,114.81
2018-09-06,106.19,120.15,83.22,119.89,85.79,23.09,115.13
2018-09-07,105.81,119.13,83.13,119.52,85.7,23.07,114.65
2018-09-10,105.91,119.57,83.14,119.54,85.87,23.09,115.03
2018-09-11,105.73,118.66,83.09,119.29,85.89,23.11,114.77
2018-09-12,105.8,118.94,83.09,119.35,86.09,23.11,115.0
2018-09-13,105.87,119.12,83.1,119.33,86.25,23.12,115.24
2018-09-14,105.67,118.55,83.07,119.17,86.33,23.14,115.1
2018-09-17,105.67,118.55,83.05,119.22,86.27,23.15,115.03
2018-09-18,105.44,117.31,83.04,118.98,86.26,23.14,114.56
2018-09-19,105.24,116.61,83.02,118.89,86.1,23.14,114.39
2018-09-20,105.38,117.15,83.05,118.92,86.22,23.19,114.69
2018-09-21,105.46,117.1,83.03,118.94,86.24,23.19,114.71
2018-09-24,105.36,116.8,83.03,118.9,86.2,23.11,114.45
2018-09-25,105.31,116.68,83.04,118.84,86.13,23.13,114.45
2018-09-26,105.56,117.5,83.05,119.04,86.22,23.16,114.86
2018-09-27,105.63,117.58,83.05,119.03,86.38,23.18,115.01
2018-09-28,105.52,117.27,83.09,119.07,86.44,23.17,114.93
2018-10-01,105.24,116.15,82.93,118.75,86.3,23.19,114.42
2018-10-02,105.36,116.86,82.96,118.9,86.23,23.21,114.52
2018-10-03,104.86,114.83,82.92,118.49,86.0,23.19,113.85
2018-10-04,104.56,114.02,82.9,118.37,85.68,23.19,113.38
2018-10-05,104.33,113.04,82.89,118.26,85.3,23.19,112.94
2018-10-08,104.29,112.66,82.87,118.31,85.11,23.18,112.82
2018-10-09,104.44,113.8,82.9,118.37,85.24,23.16,113.14
2018-10-10,104.41,113.49,82.92,118.47,84.63,23.13,112.83
2018-10-11,104.72,114.87,82.95,118.67,84.7,23.08,113.3
2018-10-12,104.75,114.47,82.95,118.6,85.15,23.11,113.32
2018-10-15,104.68,114.42,82.98,118.63,85.09,23.14,113.11
2018-10-16,104.74,114.68,82.95,118.63,85.38,23.18,113.4
2018-10-17,104.53,114.0,82.95,118.43,85.21,23.17,112.84
2018-10-18,104.46,113.96,83.0,118.59,84.85,23.14,112.84
2018-10-19,104.37,113.71,82.95,118.51,84.9,23.14,112.7
2018-10-22,104.35,113.56,82.93,118.5,84.94,23.09,112.56
2018-10-23,104.48,113.92,82.98,118.7,84.86,23.07,112.72
2018-10-24,104.75,114.78,83.11,119.11,84.44,23.01,112.88
2018-10-25,104.66,114.3,83.08,118.91,84.61,23.04,112.74
2018-10-26,104.9,114.99,83.13,119.28,84.23,22.99,112.93
2018-10-29,104.79,114.73,83.16,119.27,84.15,23.01,112.8
2018-10-30,104.64,114.16,83.12,119.1,84.35,23.04,112.55
2018-10-31,104.59,113.58,83.08,118.94,84.35,23.01,112.23
2018-11-01,104.34,113.41,82.98,118.83,84.32,23.03,112.2
2018-11-02,104.03,112.0,82.88,118.47,84.27,23.04,111.75
2018-11-05,104.1,112.44,82.91,118.51,84.34,23.09,111.95
2018-11-06,104.11,112.37,82.89,118.41,84.56,23.08,112.14
2018-11-07,104.2,112.52,82.86,118.35,85.05,23.12,112.43
2018-11-08,104.01,112.51,82.85,118.21,84.84,23.06,112.1
2018-11-09,104.14,113.35,82.89,118.5,84.36,23.06,112.18
2018-11-12,104.31,114.09,82.95,118.74,83.84,23.02,112.17
2018-11-13,104.35,114.02,82.96,118.8,83.7,22.99,112.02
2018-11-14,104.36,114.09,83.02,119.01,83.54,22.98,111.72
2018-11-15,104.49,114.04,83.06,119.1,83.52,22.95,111.51
2018-11-16,104.66,114.7,83.12,119.34,83.27,22.9,111.73
2018-11-19,104.65,115.02,83.19,119.47,83.01,22.76,111.62
2018-11-20,104.61,115.06,83.17,119.42,82.75,22.71,111.35
2018-11-21,104.68,115.02,83.17,119.37,83.17,22.65,111.59
2018-11-23,104.65,115.14,83.15,119.43,82.71,22.64,111.64
2018-11-26,104.63,114.88,83.16,119.36,83.1,22.7,111.69
2018-11-27,104.66,115.01,83.17,119.4,83.06,22.66,111.55
2018-11-28,104.86,114.45,83.2,119.46,83.75,22.68,111.85
2018-11-29,104.91,114.9,83.22,119.61,83.77,22.64,111.53
2018-11-30,104.88,115.33,83.25,119.7,83.6,22.66,111.46
2018-12-03,104.8,115.88,83.04,119.56,83.8,22.74,111.52
2018-12-04,105.08,117.82,83.1,119.77,83.28,22.7,111.54
2018-12-06,105.34,118.19,83.18,119.98,82.99,22.65,111.88
2018-12-07,105.48,118.41,83.27,120.29,82.83,22.47,111.89
2018-12-10,105.55,118.9,83.27,120.31,82.89,22.44,112.23
2018-12-11,105.58,118.88,83.19,120.12,83.04,22.37,112.43
2018-12-12,105.5,118.35,83.18,119.95,83.31,22.34,112.55
2018-12-13,105.53,118.07,83.26,120.03,83.51,22.42,112.85
2018-12-14,105.56,118.48,83.31,120.18,83.16,22.37,112.73
2018-12-17,105.74,119.17,83.39,120.41,82.62,22.24,112.85
2018-12-18,105.84,119.6,83.32,120.38,82.08,22.2,112.9
2018-12-19,105.94,121.18,83.34,120.51,81.34,22.07,112.81
2018-12-20,105.84,120.74,83.33,120.46,80.63,21.94,112.44
2018-12-21,105.79,120.72,83.39,120.55,80.23,21.91,112.33
2018-12-24,105.86,121.32,83.46,120.81,79.63,21.59,112.07
2018-12-26,105.66,120.02,83.38,120.48,80.97,21.94,111.98
2018-12-27,105.83,120.04,83.47,120.77,80.92,21.81,111.98
2018-12-28,106.22,121.05,83.59,121.2,81.04,21.81,112.51
2018-12-31,106.49,121.51,83.62,121.4,81.1,21.78,112.82
2019-01-02,106.57,122.15,83.63,121.57,80.99,21.84,113.17
2019-01-03,107.01,123.54,83.8,122.26,81.03,21.97,113.22
2019-01-04,106.69,122.11,83.62,121.58,82.39,22.34,113.15
2019-01-07,106.51,121.75,83.56,121.34,83.19,22.58,113.16
2019-01-08,106.43,121.43,83.51,121.12,83.73,22.66,113.41
2019-01-09,106.52,121.24,83.55,121.22,83.83,22.57,113.84
2019-01-10,106.4,120.46,83.56,121.2,84.16,22.58,113.54
2019-01-11,106.55,120.93,83.61,121.42,83.89,22.51,113.75
2019-01-14,106.4,120.48,83.61,121.4,83.62,22.42,113.45
2019-01-15,106.42,120.04,83.64,121.35,83.9,22.41,113.52
2019-01-16,106.51,120.16,83.62,121.31,84.03,22.47,113.74
2019-01-17,106.43,120.19,83.61,121.17,84.26,22.53,113.97
2019-01-18,106.35,119.56,83.54,120.92,84.5,22.55,114.17
2019-01-22,106.44,120.37,83.61,121.17,83.94,22.42,114.36
2019-01-23,106.55,120.32,83.59,121.12,84.11,22.44,114.65
2019-01-24,106.73,121.11,83.66,121.35,84.2,22.43,114.95
2019-01-25,106.68,120.53,83.6,121.17,84.41,22.43,115.05
2019-01-28,106.62,120.41,83.61,121.19,84.28,22.43,115.03
2019-01-29,106.9,121.02,83.65,121.44,84.23,22.43,115.28
2019-01-30,107.14,120.93,83.76,121.69,84.9,22.46,115.81
2019-01-31,107.46,121.97,83.83,122.03,85.11,22.44,116.62
2019-02-01,106.97,120.96,83.58,121.37,84.68,22.46,115.99
2019-02-04,106.88,120.42,83.58,121.24,84.88,22.48,115.83
2019-02-05,107.11,120.97,83.58,121.36,85.18,22.56,116.3
2019-02-06,107.05,121.03,83.62,121.44,85.1,22.63,116.08
2019-02-07,107.1,121.83,83.68,121.66,84.81,22.58,116.06
2019-02-08,107.34,122.35,83.71,121.75,84.79,22.57,116.35
2019-02-11,107.23,121.87,83.68,121.64,84.83,22.53,116.09
2019-02-12,107.25,121.56,83.67,121.53,85.24,22.59,116.25
2019-02-13,107.06,121.1,83.61,121.35,85.12,22.6,115.95
2019-02-14,107.22,121.79,83.72,121.68,85.13,22.62,116.08
2019-02-15,107.3,121.98,83.68,121.6,85.4,22.68,116.22
2019-02-19,107.36,122.29,83.74,121.75,85.43,22.64,116.29
2019-02-20,107.37,121.94,83.73,121.74,85.5,22.65,116.19
2019-02-21,107.13,120.85,83.7,121.55,85.42,22.67,115.86
2019-02-22,107.4,121.57,83.76,121.76,85.59,22.76,116.38
2019-02-25,107.37,121.21,83.75,121.68,85.66,22.78,116.34
2019-02-26,107.49,121.81,83.79,121.88,85.77,22.82,116.52
2019-02-27,107.26,120.43,83.77,121.68,85.8,22.84,116.19
2019-02-28,107.07,120.02,83.75,121.53,85.75,22.8,116.03
2019-03-01,106.63,118.66,83.54,121.05,85.61,22.81,115.47
2019-03-04,106.76,119.59,83.56,121.26,85.48,22.84,115.73
2019-03-05,106.83,119.84,83.57,121.28,85.44,22.83,115.77
2019-03-06,106.99,120.28,83.63,121.5,85.3,22.78,115.88
2019-03-07,107.29,121.06,83.7,121.79,85.24,22.75,116.26
2019-03-08,107.43,121.57,83.73,121.88,85.1,22.72,116.41
2019-03-11,107.44,121.21,83.71,121.8,85.38,22.72,116.54
2019-03-12,107.64,122.06,83.74,121.98,85.53,22.74,116.86
2019-03-13,107.59,121.83,83.75,121.98,85.76,22.81,116.67
2019-03-14,107.43,120.95,83.77,121.91,85.7,22.78,116.44
2019-03-15,107.7,121.75,83.8,122.11,85.78,22.79,116.86
2019-03-18,107.68,121.68,83.78,122.02,85.75,22.67,116.8
2019-03-19,107.62,121.41,83.77,121.96,85.8,22.68,116.82
2019-03-20,108.06,122.68,83.89,122.5,86.17,22.72,117.61
2019-03-21,108.08,122.95,83.89,122.44,86.15,22.65,117.83
2019-03-22,108.62,124.86,84.03,122.99,85.84,22.45,118.55
2019-03-25,108.82,125.06,84.12,123.25,85.81,22.54,118.79
2019-03-26,108.84,124.97,84.11,123.2,86.02,22.55,118.84
2019-03-27,109.07,126.12,84.18,123.41,86.08,22.54,119.0
2019-03-28,109.08,126.56,84.17,123.36,86.25,22.53,119.15
2019-03-29,109.07,126.44,84.12,123.2,86.47,22.64,119.06
2019-04-01,108.31,124.37,83.87,122.5,86.07,22.64,118.26
2019-04-02,108.43,124.6,83.91,122.66,86.11,22.69,118.42
2019-04-03,108.23,123.52,83.87,122.49,86.14,22.7,118.17
2019-04-04,108.31,123.87,83.89,122.55,86.27,22.77,118.36
2019-04-05,108.39,124.03,83.88,122.58,86.43,22.82,118.55
2019-04-08,108.34,123.59,83.86,122.47,86.38,22.84,118.38
2019-04-09,108.4,123.98,83.87,122.58,86.32,22.85,118.63
2019-04-10,108.61,124.28,83.94,122.75,86.7,22.88,119.21
2019-04-11,108.48,123.55,83.89,122.58,86.83,22.93,119.09
2019-04-12,108.27,122.67,83.84,122.25,86.96,22.91,119.02
2019-04-15,108.25,122.98,83.85,122.33,86.9,22.92,118.83
2019-04-16,108.06,122.21,83.84,122.12,86.85,22.92,118.5
2019-04-17,108.05,122.26,83.87,122.18,86.64,22.92,118.48
2019-04-18,108.19,122.9,83.89,122.33,86.68,22.96,118.58
2019-04-22,108.06,122.31,83.9,122.27,86.53,22.9,118.39
2019-04-23,108.25,122.57,83.94,122.43,86.83,22.96,118.88
2019-04-24,108.5,123.57,83.99,122.71,86.71,22.89,119.28
2019-04-25,108.49,123.39,83.99,122.61,86.75,22.9,119.22
2019-04-26,108.71,123.81,84.08,122.86,86.97,22.92,119.64
2019-04-29,108.52,123.02,84.05,122.73,86.93,22.93,119.17
2019-04-30,108.59,123.65,84.11,122.91,86.94,22.97,119.22
2019-05-01,108.4,123.9,83.88,122.55,86.29,22.96,118.83
2019-05-02,108.16,123.31,83.84,122.34,86.35,22.96,118.4
2019-05-03,108.34,123.66,83.87,122.43,86.57,23.01,118.93
2019-05-06,108.48,124.0,83.92,122.64,86.61,22.98,119.09
2019-05-07,108.61,124.95,83.96,122.85,86.09,22.92,119.08
2019-05-08,108.59,124.41,83.95,122.72,86.12,22.91,118.68
2019-05-09,108.65,124.92,84.0,122.93,85.99,22.83,118.79
2019-05-10,108.67,124.75,84.02,122.88,86.23,22.89,118.86
2019-05-13,108.85,125.73,84.12,123.32,85.44,22.81,118.93
2019-05-14,108.94,125.36,84.12,123.26,85.63,22.82,119.1
2019-05-15,109.13,126.13,84.18,123.52,85.71,22.85,119.43
2019-05-16,109.0,125.71,84.13,123.39,85.97,22.93,119.24
2019-05-17,109.03,125.99,84.15,123.42,85.94,22.91,119.25
2019-05-20,108.88,125.73,84.11,123.25,85.86,22.78,118.97
2019-05-21,108.87,125.53,84.07,123.11,86.13,22.82,119.07
2019-05-22,109.05,126.25,84.11,123.38,86.2,22.8,119.22
2019-05-23,109.37,127.67,84.26,123.84,85.77,22.73,119.48
2019-05-24,109.41,127.78,84.23,123.8,85.65,22.72,119.73
2019-05-28,109.57,128.79,84.3,124.08,85.57,22.72,119.81
2019-05-29,109.6,129.09,84.31,124.03,85.34,22.67,119.86
2019-05-30,109.89,130.2,84.38,124.3,85.52,22.69,120.55
2019-05-31,110.4,131.83,84.56,124.9,84.9,22.64,120.83
2019-06-03,110.4,132.44,84.55,125.11,84.65,22.6,120.83
2019-06-04,110.3,130.93,84.49,124.87,85.5,22.68,120.87
2019-06-05,110.24,130.19,84.53,124.98,85.7,22.68,120.79
2019-06-06,110.22,130.61,84.48,124.86,85.88,22.68,121.02
2019-06-07,110.53,131.74,84.57,125.13,86.1,22.69,121.56
2019-06-10,110.24,130.5,84.49,124.76,86.23,22.67,121.12
2019-06-11,110.22,130.58,84.46,124.75,86.35,22.75,121.23
2019-06-12,110.36,130.68,84.53,124.99,86.15,22.73,121.41
2019-06-13,110.6,131.13,84.62,125.22,86.35,22.77,121.72
2019-06-14,110.57,131.46,84.59,125.2,86.29,22.74,121.77
2019-06-17,110.54,131.69,84.55,125.17,86.16,22.73,121.83
2019-06-18,110.84,132.35,84.56,125.25,86.76,22.72,122.64
2019-06-19,111.22,132.54,84.74,125.62,87.17,22.76,123.42
2019-06-20,111.41,132.89,84.78,125.73,87.61,22.75,124.09
2019-06-21,111.12,131.43,84.74,125.49,87.33,22.76,123.64
2019-06-24,111.32,132.41,84.79,125.74,87.32,22.67,123.95
2019-06-25,111.34,132.82,84.81,125.88,86.95,22.63,123.58
2019-06-26,111.09,131.97,84.71,125.49,86.91,22.64,123.33
2019-06-27,111.4,132.9,84.78,125.73,87.15,22.65,124.05
2019-06-28,111.35,132.81,84.78,125.76,87.18,22.66,124.37
2019-07-01,111.18,132.24,84.57,125.44,86.82,22.71,124.25
2019-07-02,111.38,133.26,84.62,125.66,87.01,22.73,124.59
2019-07-03,111.56,134.21,84.64,125.73,87.34,22.72,124.93
2019-07-05,111.09,132.43,84.47,125.21,86.99,22.71,123.83
2019-07-08,111.03,132.61,84.43,125.08,86.82,22.73,123.66
2019-07-09,111.0,132.56,84.4,124.97,86.72,22.72,123.4
2019-07-10,111.08,131.83,84.55,125.25,86.96,22.75,123.68
2019-07-11,110.67,130.07,84.51,124.95,86.79,22.75,122.95
2019-07-12,110.79,130.22,84.52,125.03,86.93,22.75,123.07
2019-07-15,110.95,130.97,84.54,125.17,86.99,22.8,123.28
2019-07-16,110.83,130.58,84.51,124.98,86.81,22.8,123.02
2019-07-17,111.12,131.99,84.59,125.33,86.7,22.82,123.67
2019-07-18,111.3,132.0,84.69,125.62,86.74,22.82,123.96
2019-07-19,111.17,131.69,84.6,125.39,86.59,22.82,123.77
2019-07-22,111.31,131.94,84.61,125.44,86.88,22.72,124.15
2019-07-23,111.2,131.22,84.59,125.32,87.03,22.73,124.22
2019-07-24,111.36,131.79,84.61,125.39,87.1,22.73,124.57
2019-07-25,111.19,131.16,84.56,125.22,86.98,22.73,124.17
2019-07-26,111.21,131.47,84.57,125.22,87.17,22.77,124.34
2019-07-29,111.26,131.51,84.57,125.27,87.04,22.82,124.26
2019-07-30,111.25,131.83,84.58,125.3,87.08,22.8,124.22
2019-07-31,111.3,132.89,84.57,125.35,86.93,22.82,124.33
2019-08-01,111.91,135.26,84.66,126.05,86.52,22.8,124.99
2019-08-02,111.95,136.51,84.68,126.15,86.39,22.72,125.12
2019-08-05,112.44,138.87,84.85,126.83,85.49,22.72,125.21
2019-08-06,112.74,139.98,84.89,126.93,86.04,22.71,125.99
2019-08-07,112.68,140.03,84.9,126.92,86.03,22.65,125.97
2019-08-08,112.79,140.33,84.87,126.89,86.37,22.66,126.31
2019-08-09,112.64,140.05,84.82,126.72,86.25,22.65,125.94
2019-08-12,113.05,142.97,84.91,127.14,85.95,22.6,126.73
2019-08-13,112.89,142.48,84.81,126.77,86.33,22.63,126.63
2019-08-14,113.24,145.69,84.92,127.16,85.56,22.55,127.0
2019-08-15,113.76,147.31,85.1,127.68,85.81,22.54,127.62
2019-08-16,113.67,146.13,85.09,127.63,86.1,22.58,127.85
2019-08-19,113.37,144.04,85.0,127.25,86.35,22.55,127.43
2019-08-20,113.68,145.53,85.06,127.56,86.42,22.57,128.17
2019-08-21,113.62,144.56,84.98,127.32,86.79,22.59,128.4
2019-08-22,113.32,143.6,84.94,127.17,86.95,22.6,127.93
2019-08-23,113.78,145.96,85.08,127.68,86.55,22.56,128.4
2019-08-26,113.73,145.37,85.04,127.59,86.98,22.58,128.41
2019-08-27,114.09,147.61,85.07,127.83,86.94,22.59,129.1
2019-08-28,114.1,147.8,85.09,127.86,87.15,22.59,129.1
2019-08-29,114.03,147.24,85.05,127.73,87.24,22.6,128.82
2019-08-30,114.13,147.28,85.08,127.75,87.16,22.61,128.8
2019-09-03,113.84,147.21,85.0,127.81,86.54,22.58,128.33
2019-09-04,114.04,147.43,85.07,128.02,86.72,22.63,128.57
2019-09-05,113.55,144.76,84.88,127.34,87.06,22.64,127.63
2019-09-06,113.67,145.79,84.89,127.39,87.14,22.66,128.09
2019-09-09,113.19,143.2,84.8,127.0,87.23,22.7,127.15
2019-09-10,112.58,140.69,84.66,126.45,87.28,22.7,126.08
2019-09-11,112.6,140.44,84.66,126.37,87.27,22.73,125.98
2019-09-12,112.42,139.52,84.64,126.18,87.32,22.74,125.81
2019-09-13,111.75,136.54,84.5,125.52,87.16,22.79,124.68
2019-09-16,112.05,138.28,84.57,125.84,87.47,22.8,125.31
2019-09-17,112.22,139.03,84.61,126.02,87.52,22.81,125.63
2019-09-18,112.35,139.62,84.56,125.96,87.47,22.76,125.94
2019-09-19,112.51,140.04,84.57,126.06,87.37,22.74,126.3
2019-09-20,112.92,141.89,84.66,126.41,87.48,22.73,127.17
2019-09-23,112.97,141.86,84.71,126.55,87.44,22.66,127.08
2019-09-24,113.28,143.57,84.8,126.94,87.32,22.65,127.48
2019-09-25,112.81,141.47,84.69,126.44,87.23,22.64,126.76
2019-09-26,113.0,142.38,84.73,126.57,87.17,22.62,127.03
2019-09-27,113.14,142.73,84.78,126.72,87.07,22.57,127.06
2019-09-30,113.17,143.08,84.82,126.8,87.17,22.59,127.48
2019-10-01,113.12,143.26,84.78,126.9,86.62,22.58,127.29
2019-10-02,113.2,143.61,84.87,127.23,86.11,22.51,127.24
2019-10-03,113.64,144.92,85.05,127.7,86.16,22.56,127.74
2019-10-04,113.82,145.99,85.04,127.8,86.43,22.52,128.27
2019-10-07,113.51,144.78,84.95,127.51,86.36,22.49,127.62
2019-10-08,113.55,145.17,85.0,127.67,86.04,22.43,127.51
2019-10-09,113.49,144.35,84.95,127.52,86.3,22.4,127.56
2019-10-10,113.1,142.2,84.85,127.04,86.41,22.36,126.81
2019-10-11,112.73,140.44,84.77,126.57,86.77,22.39,126.58
2019-10-14,112.92,141.46,84.78,126.65,86.83,22.42,127.0
2019-10-15,112.55,139.75,84.76,126.38,87.02,22.45,126.66
2019-10-16,112.75,139.92,84.8,126.56,86.95,22.43,126.8
2019-10-17,112.72,139.58,84.8,126.52,87.07,22.45,126.98
2019-10-18,112.8,139.58,84.83,126.63,87.09,22.5,127.14
2019-10-21,112.49,138.53,84.79,126.35,87.12,22.48,126.85
2019-10-22,112.66,139.34,84.82,126.5,87.14,22.48,127.07
2019-10-23,112.75,139.48,84.81,126.45,87.22,22.5,127.14
2019-10-24,112.78,139.2,84.81,126.48,87.32,22.49,127.42
2019-10-25,112.62,138.52,84.76,126.29,87.39,22.52,127.2
2019-10-28,112.38,137.26,84.73,126.11,87.38,22.47,126.82
2019-10-29,112.39,137.35,84.75,126.13,87.22,22.43,126.49
2019-10-30,112.71,139.36,84.8,126.44,87.11,22.42,126.94
2019-10-31,113.15,141.24,84.95,126.97,86.81,22.41,127.71
2019-11-01,112.93,140.56,84.76,126.61,86.82,22.46,127.49
2019-11-04,112.65,138.71,84.7,126.31,87.0,22.5,126.89
2019-11-05,112.23,137.15,84.64,125.93,86.91,22.52,126.16
2019-11-06,112.4,137.98,84.69,126.14,86.81,22.49,126.87
2019-11-07,111.87,135.48,84.59,125.57,86.77,22.53,125.88
2019-11-08,111.81,134.91,84.6,125.52,86.85,22.56,125.71
2019-11-11,111.83,135.0,84.62,125.57,86.8,22.57,125.75
2019-11-12,111.95,135.62,84.63,125.65,86.82,22.57,125.87
2019-11-13,112.15,136.5,84.67,125.87,86.73,22.59,126.17
2019-11-14,112.47,137.91,84.75,126.24,86.68,22.58,126.83
2019-11-15,112.41,137.76,84.72,126.11,86.94,22.6,126.85
2019-11-18,112.62,138.01,84.76,126.25,86.83,22.47,126.99
2019-11-19,112.7,139.16,84.75,126.29,86.52,22.43,127.24
2019-11-20,112.97,140.6,84.79,126.55,86.34,22.42,127.42
2019-11-21,112.81,139.72,84.75,126.38,86.36,22.41,127.12
2019-11-22,112.87,139.9,84.74,126.35,86.69,22.43,127.47
2019-11-25,112.98,140.31,84.75,126.36,86.92,22.47,127.91
2019-11-26,113.14,141.13,84.79,126.5,87.02,22.45,128.24
2019-11-27,113.0,140.72,84.74,126.3,87.13,22.48,128.23
2019-11-29,112.86,140.42,84.77,126.31,86.94,22.46,127.97
2019-12-02,112.49,138.31,84.61,125.97,86.54,22.46,127.07
2019-12-03,113.0,141.21,84.73,126.58,86.42,22.48,128.05
2019-12-04,112.81,139.8,84.69,126.3,86.68,22.57,127.88
2019-12-05,112.68,139.12,84.65,126.16,86.81,22.64,127.74
2019-12-06,112.52,138.35,84.62,125.94,86.93,22.69,127.67
2019-12-09,112.58,138.65,84.62,125.93,86.93,22.71,127.65
2019-12-10,112.54,138.66,84.58,125.81,87.14,22.71,127.65
2019-12-11,112.84,139.75,84.65,126.09,87.32,22.73,128.15
2019-12-12,112.36,137.45,84.57,125.57,87.52,22.76,127.56
2019-12-13,112.81,139.04,84.67,126.01,87.61,22.75,128.39
2019-12-16,112.58,137.79,84.62,125.72,87.78,22.77,128.1
2019-12-17,112.59,137.6,84.64,125.73,88.05,22.76,128.0
2019-12-18,112.37,136.47,84.65,125.6,88.21,22.81,127.91
2019-12-19,112.3,136.47,84.53,125.5,87.85,22.86,127.7
2019-12-20,112.32,136.65,84.53,125.48,87.72,22.87,127.66
2019-12-23,112.24,136.45,84.51,125.41,87.76,22.8,127.72
2019-12-24,112.38,136.84,84.52,125.54,87.83,22.78,127.85
2019-12-26,112.48,137.17,84.55,125.64,87.96,22.79,128.08
2019-12-27,112.63,137.32,84.61,125.86,87.92,22.79,128.26
2019-12-30,112.63,136.82,84.64,125.89,87.86,22.71,128.49
2019-12-31,112.37,135.48,84.63,125.75,87.94,22.82,127.96
2020-01-02,112.68,137.01,84.67,125.97,88.31,22.87,128.23
2020-01-03,113.01,139.12,84.74,126.37,88.22,22.87,128.67
2020-01-06,112.92,138.33,84.71,126.3,88.13,22.88,128.24
2020-01-07,112.8,137.65,84.71,126.25,88.05,22.87,127.91
2020-01-08,112.67,136.74,84.67,126.08,88.13,22.91,127.73
2020-01-09,112.79,137.22,84.68,126.08,88.36,22.9,128.34
2020-01-10,112.98,138.44,84.7,126.2,88.39,22.87,128.7
2020-01-13,112.91,138.02,84.69,126.13,88.39,22.86,128.39
2020-01-14,113.01,138.73,84.7,126.26,88.38,22.84,128.55
2020-01-15,113.18,139.65,84.74,126.4,88.4,22.88,128.83
2020-01-16,113.18,139.21,84.74,126.31,88.43,22.88,129.01
2020-01-17,113.05,138.02,84.77,126.29,88.36,22.86,128.99
2020-01-21,113.37,139.47,84.79,126.58,88.17,22.76,129.61
2020-01-22,113.43,139.96,84.81,126.6,88.33,22.73,129.68
2020-01-23,113.58,140.94,84.84,126.76,88.06,22.75,129.85
2020-01-24,113.79,142.08,84.87,126.98,87.69,22.72,130.07
2020-01-27,114.14,144.29,84.96,127.42,87.1,22.62,130.32
2020-01-28,114.04,143.16,84.92,127.25,87.85,22.68,130.25
2020-01-29,114.3,144.56,85.0,127.56,87.8,22.68,130.67
2020-01-30,114.31,144.58,85.01,127.67,87.89,22.66,130.75
2020-01-31,114.65,145.9,85.12,128.06,87.53,22.61,131.09
2020-02-03,114.37,145.54,84.96,127.73,87.15,22.61,130.65
2020-02-04,113.99,143.58,84.87,127.35,87.67,22.62,130.33
2020-02-05,113.82,142.01,84.81,127.08,88.03,22.62,130.25
2020-02-06,113.89,142.65,84.83,127.09,88.1,22.6,130.19
2020-02-07,114.22,144.43,84.88,127.39,87.97,22.59,130.69
