Date,BKF,EEM,AIA
2015-02-12,36.46,40.21,48.81
2015-02-13,36.77,40.67,49.06
2015-02-17,36.87,40.58,49.16
2015-02-18,36.98,40.57,49.18
2015-02-19,36.86,40.4,49.03
2015-02-20,36.9,40.67,49.28
2015-02-23,36.5,40.26,49.0
2015-02-24,37.05,40.84,49.49
2015-02-25,36.87,40.76,49.48
2015-02-26,36.89,40.77,49.56
2015-02-27,37.24,40.74,49.41
2015-03-02,36.99,40.68,49.75
2015-03-03,36.68,40.37,49.44
2015-03-04,36.16,39.93,49.09
2015-03-05,36.02,39.87,48.86
2015-03-06,35.54,39.26,48.53
2015-03-09,35.3,39.11,48.61
2015-03-10,34.59,38.24,47.73
2015-03-11,34.79,38.53,48.05
2015-03-12,34.96,38.77,48.41
2015-03-13,34.59,38.3,48.14
2015-03-16,34.95,38.76,48.87
2015-03-17,35.36,39.21,48.95
2015-03-18,36.14,40.17,49.72
2015-03-19,35.53,39.49,49.6
2015-03-20,36.0,40.08,49.92
2015-03-23,36.0,40.2,49.94
2015-03-24,36.01,40.36,49.89
2015-03-25,35.66,39.72,49.45
2015-03-26,35.3,39.35,49.35
2015-03-27,35.35,39.46,49.51
2015-03-30,36.5,40.22,50.22
2015-03-31,36.5,40.13,49.98
2015-04-01,37.12,40.63,50.21
2015-04-02,37.79,41.24,50.71
2015-04-06,38.21,41.77,51.26
2015-04-07,38.24,41.56,50.98
2015-04-08,39.9,42.43,52.31
2015-04-09,40.81,42.85,53.41
2015-04-10,40.6,42.88,53.35
2015-04-13,40.79,42.63,53.58
2015-04-14,40.71,42.82,53.51
2015-04-15,41.25,43.12,53.63
2015-04-16,41.55,43.46,54.07
2015-04-17,40.12,42.7,52.82
2015-04-20,39.99,42.66,53.19
2015-04-21,40.54,42.91,53.83
2015-04-22,41.25,43.37,54.23
2015-04-23,41.27,43.69,54.41
2015-04-24,41.29,43.85,54.64
2015-04-27,41.43,44.02,54.99
2015-04-28,41.5,44.09,54.9
2015-04-29,41.0,43.54,54.4
2015-04-30,40.65,42.88,53.69
2015-05-01,40.84,43.14,54.07
2015-05-04,41.16,43.39,54.44
2015-05-05,40.58,42.92,53.43
2015-05-06,39.88,42.39,52.96
2015-05-07,39.76,42.33,52.85
2015-05-08,40.68,42.87,53.41
2015-05-11,40.4,42.46,52.83
2015-05-12,40.28,42.32,52.68
2015-05-13,40.05,42.4,52.64
2015-05-14,40.42,42.82,52.91
2015-05-15,41.03,43.15,53.46
2015-05-18,40.46,42.71,53.02
2015-05-19,40.51,42.78,53.28
2015-05-20,40.4,42.75,53.13
2015-05-21,40.23,42.6,53.08
2015-05-22,40.71,42.74,53.94
2015-05-26,40.29,42.06,53.68
2015-05-27,40.28,42.07,53.48
2015-05-28,39.34,41.52,52.66
2015-05-29,38.88,41.12,52.31
2015-06-01,39.03,40.96,52.1
2015-06-02,39.15,41.12,52.16
2015-06-03,38.97,40.91,52.4
2015-06-04,38.53,40.29,51.98
2015-06-05,38.38,40.11,51.6
2015-06-08,38.57,40.1,51.52
2015-06-09,38.25,39.86,51.08
2015-06-10,38.35,40.44,51.31
2015-06-11,38.36,40.24,51.54
2015-06-12,38.39,40.24,51.65
2015-06-15,37.91,39.79,50.91
2015-06-16,37.89,39.8,50.72
2015-06-17,38.14,40.04,50.91
2015-06-18,38.37,40.41,51.28
2015-06-19,38.13,40.06,51.13
2015-06-22,38.47,40.64,51.77
2015-06-23,39.04,41.04,52.36
2015-06-24,38.95,40.75,51.84
2015-06-25,38.08,40.31,51.52
2015-06-26,37.63,39.93,50.8
2015-06-29,36.67,39.04,49.77
2015-06-30,37.42,39.62,50.29
2015-07-01,37.17,39.59,50.42
2015-07-02,37.38,39.78,50.67
2015-07-06,35.98,38.67,49.2
2015-07-07,35.26,38.09,48.46
2015-07-08,33.4,36.78,46.1
2015-07-09,34.57,37.49,47.36
2015-07-10,35.74,38.44,48.52
2015-07-13,36.04,38.7,48.81
2015-07-14,36.03,38.77,48.55
2015-07-15,35.53,38.33,48.2
2015-07-16,36.05,38.81,48.72
2015-07-17,36.14,38.76,49.06
2015-07-20,35.86,38.51,48.7
2015-07-21,35.87,38.52,48.83
2015-07-22,35.57,37.97,48.36
2015-07-23,35.17,37.6,48.16
2015-07-24,34.67,37.06,47.55
2015-07-27,33.61,36.36,46.56
2015-07-28,33.96,36.73,47.35
2015-07-29,34.5,37.09,47.85
2015-07-30,34.16,36.72,47.26
2015-07-31,34.17,37.12,47.16
2015-08-03,33.64,36.5,46.33
2015-08-04,33.77,36.63,46.56
2015-08-05,33.93,36.64,46.61
2015-08-06,33.65,36.32,46.04
2015-08-07,33.71,36.3,46.24
2015-08-10,34.47,36.91,46.91
2015-08-11,33.78,36.1,45.87
2015-08-12,33.26,35.54,45.08
2015-08-13,33.18,35.48,45.23
2015-08-14,33.37,35.53,45.35
2015-08-17,33.16,35.14,44.84
2015-08-18,32.8,34.76,44.27
2015-08-19,32.2,34.33,43.66
2015-08-20,31.59,33.79,42.69
2015-08-21,30.7,32.75,41.48
2015-08-24,28.73,31.32,39.42
2015-08-25,29.28,31.72,40.74
2015-08-26,30.01,32.77,41.66
2015-08-27,31.28,34.22,42.85
2015-08-28,30.89,33.78,42.26
2015-08-31,30.64,33.84,42.13
2015-09-01,29.3,32.53,40.78
2015-09-02,29.66,33.0,41.33
2015-09-03,29.83,33.13,41.65
2015-09-04,28.83,32.14,40.67
2015-09-08,30.08,33.16,42.3
2015-09-09,30.04,32.99,42.53
2015-09-10,30.17,33.33,42.43
2015-09-11,30.26,33.46,42.58
2015-09-14,30.25,33.41,42.33
2015-09-15,30.42,33.73,42.67
2015-09-16,31.26,34.55,43.96
2015-09-17,31.02,34.47,43.56
2015-09-18,30.21,33.83,42.97
2015-09-21,30.5,33.77,42.94
2015-09-22,29.91,33.14,42.15
2015-09-23,29.36,32.61,41.9
2015-09-24,29.55,32.47,41.53
2015-09-25,29.56,32.4,41.42
2015-09-28,28.83,31.71,40.65
2015-09-29,29.04,31.86,40.59
2015-09-30,29.8,32.78,41.58
2015-10-01,29.82,32.96,41.98
2015-10-02,30.79,33.84,42.81
2015-10-05,31.44,34.57,43.63
2015-10-06,31.29,34.51,43.38
2015-10-07,31.95,35.43,44.75
2015-10-08,32.35,35.81,45.31
2015-10-09,32.4,35.94,45.35
2015-10-12,32.22,35.67,45.23
2015-10-13,31.7,35.09,44.78
2015-10-14,31.77,35.36,45.11
2015-10-15,32.68,36.22,46.38
2015-10-16,32.59,36.25,46.43
2015-10-19,32.28,35.88,46.01
2015-10-20,32.36,35.87,46.11
2015-10-21,31.94,35.35,45.61
2015-10-22,32.66,36.08,46.47
2015-10-23,32.91,36.29,47.02
2015-10-26,32.4,35.96,46.51
2015-10-27,32.11,35.55,46.19
2015-10-28,31.8,35.14,45.93
2015-10-29,31.48,34.81,45.63
2015-10-30,31.42,34.87,45.59
2015-11-02,31.74,35.56,45.97
2015-11-03,32.19,36.03,46.3
2015-11-04,32.15,35.74,46.52
2015-11-05,32.19,35.8,46.4
2015-11-06,31.98,35.3,45.87
2015-11-09,31.23,34.42,45.0
2015-11-10,31.16,34.27,44.85
2015-11-11,31.22,34.34,44.95
2015-11-12,31.07,34.01,44.83
2015-11-13,30.64,33.54,44.04
2015-11-16,31.32,34.19,44.58
2015-11-17,31.22,34.09,44.45
2015-11-18,31.52,34.46,44.66
2015-11-19,31.64,34.77,44.96
2015-11-20,32.03,35.12,45.34
2015-11-23,31.72,34.79,45.02
2015-11-24,31.8,34.97,45.17
2015-11-25,31.53,34.7,45.07
2015-11-27,30.82,33.94,44.31
2015-11-30,30.88,33.99,44.4
2015-12-01,30.98,34.25,44.99
2015-12-02,30.76,33.84,44.44
2015-12-03,30.71,33.65,44.28
2015-12-04,30.8,33.88,44.66
2015-12-07,30.44,33.32,44.1
2015-12-08,30.08,32.95,43.46
2015-12-09,29.96,32.68,43.26
2015-12-10,29.75,32.46,43.27
2015-12-11,28.99,31.55,42.28
2015-12-14,29.34,32.06,42.55
2015-12-15,29.71,32.55,43.15
2015-12-16,30.23,33.19,43.87
2015-12-17,29.85,32.76,43.21
2015-12-18,29.73,32.65,43.27
2015-12-21,29.35,32.4,42.49
2015-12-22,29.39,32.66,42.85
2015-12-23,30.04,33.12,43.32
2015-12-24,29.9,33.0,43.22
2015-12-28,29.61,32.77,42.76
2015-12-29,29.69,32.8,42.79
2015-12-30,29.26,32.29,42.39
2015-12-31,29.27,32.19,42.27
2016-01-04,28.37,31.31,41.07
2016-01-05,28.45,31.38,41.08
2016-01-06,27.97,30.78,40.21
2016-01-07,26.97,29.83,39.33
2016-01-08,26.71,29.51,38.94
2016-01-11,26.55,29.5,38.98
2016-01-12,26.58,29.56,38.91
2016-01-13,26.14,29.25,38.45
2016-01-14,26.48,29.63,38.81
2016-01-15,25.37,28.46,37.4
2016-01-19,25.72,28.88,38.14
2016-01-20,25.02,28.25,36.99
2016-01-21,25.01,28.36,37.17
2016-01-22,25.87,29.33,38.29
2016-01-25,25.38,28.83,37.88
2016-01-26,25.59,29.25,38.17
2016-01-27,25.43,29.15,37.79
2016-01-28,25.71,29.61,38.0
2016-01-29,26.57,30.57,38.97
2016-02-01,26.26,30.28,38.66
2016-02-02,25.44,29.3,37.94
2016-02-03,26.02,30.13,38.28
2016-02-04,25.99,30.36,38.43
2016-02-05,25.65,30.01,38.18
2016-02-08,25.22,29.6,37.73
2016-02-09,24.9,29.19,37.37
2016-02-10,25.01,29.31,37.56
2016-02-11,24.46,28.82,37.05
2016-02-12,24.89,29.32,37.69
2016-02-16,25.59,29.97,38.73
2016-02-17,26.22,30.56,39.27
2016-02-18,25.9,30.38,38.91
2016-02-19,25.98,30.24,38.87
2016-02-22,26.77,30.99,39.71
2016-02-23,26.12,30.33,39.1
2016-02-24,26.06,30.26,38.99
2016-02-25,25.98,30.36,39.11
2016-02-26,25.87,30.06,39.02
2016-02-29,26.09,30.32,38.99
2016-03-01,27.05,31.4,40.1
2016-03-02,27.52,31.82,40.59
2016-03-03,27.89,32.18,40.93
2016-03-04,28.71,32.82,41.66
2016-03-07,28.52,32.77,41.34
2016-03-08,28.03,32.21,40.62
2016-03-09,28.22,32.41,40.81
2016-03-10,28.21,32.46,40.9
2016-03-11,28.93,33.14,42.02
2016-03-14,28.8,32.94,41.96
2016-03-15,28.2,32.47,41.59
2016-03-16,28.71,33.12,42.38
2016-03-17,29.28,33.85,42.86
2016-03-18,29.6,34.03,43.19
2016-03-21,29.78,34.1,43.05
2016-03-22,29.68,34.02,43.01
2016-03-23,29.09,33.44,42.49
2016-03-24,28.99,33.36,42.31
2016-03-28,29.2,33.47,42.47
2016-03-29,29.44,33.93,42.99
2016-03-30,29.81,34.28,43.64
2016-03-31,29.68,34.25,43.35
2016-04-01,29.69,34.15,42.96
2016-04-04,29.25,33.74,42.6
2016-04-05,28.84,33.08,41.78
2016-04-06,29.21,33.48,42.28
2016-04-07,28.59,32.81,41.76
2016-04-08,29.21,33.38,42.2
2016-04-11,29.78,33.81,42.55
2016-04-12,30.21,34.33,43.03
2016-04-13,30.98,34.94,43.92
2016-04-14,30.86,34.77,43.95
2016-04-15,30.71,34.57,43.76
2016-04-18,30.68,34.73,44.1
2016-04-19,31.15,35.26,44.49
2016-04-20,30.9,35.1,44.1
2016-04-21,30.59,34.75,43.85
2016-04-22,30.47,34.54,43.91
2016-04-25,30.17,34.32,43.6
2016-04-26,30.57,34.69,43.9
2016-04-27,30.83,34.9,44.15
2016-04-28,30.53,34.54,43.49
2016-04-29,30.41,34.39,42.89
2016-05-02,30.18,34.3,43.02
2016-05-03,29.44,33.33,41.97
2016-05-04,29.2,32.79,41.57
2016-05-05,29.26,32.78,41.7
2016-05-06,29.32,32.83,41.55
2016-05-09,28.9,32.41,41.19
2016-05-10,29.52,33.03,41.8
2016-05-11,29.42,32.95,41.32
2016-05-12,29.32,32.86,41.05
2016-05-13,28.79,32.27,40.46
2016-05-16,29.3,32.66,41.0
2016-05-17,29.1,32.51,40.94
2016-05-18,28.73,32.19,40.69
2016-05-19,28.44,31.89,40.37
2016-05-20,28.64,32.21,40.88
2016-05-23,28.43,32.15,41.04
2016-05-24,28.84,32.48,41.47
2016-05-25,29.16,32.87,42.11
2016-05-26,29.35,33.09,42.13
2016-05-27,29.46,33.08,42.27
2016-05-31,29.59,33.12,42.81
2016-06-01,29.41,33.1,42.88
2016-06-02,29.66,33.37,43.26
2016-06-03,29.86,33.88,43.66
2016-06-06,30.15,34.24,44.19
2016-06-07,30.48,34.55,44.59
2016-06-08,30.67,34.8,44.78
2016-06-09,30.4,34.4,44.54
2016-06-10,29.6,33.53,43.84
2016-06-13,29.17,33.06,42.9
2016-06-14,29.07,32.95,42.9
2016-06-15,29.35,33.3,43.38
2016-06-16,29.33,33.18,43.18
2016-06-17,29.25,33.27,43.01
2016-06-20,29.71,33.86,43.82
2016-06-21,29.97,34.12,43.93
2016-06-22,29.74,33.94,44.07
2016-06-23,30.45,34.76,44.88
2016-06-24,29.06,32.64,42.57
2016-06-27,28.67,32.23,42.18
2016-06-28,29.44,33.18,43.27
2016-06-29,30.16,34.02,44.03
2016-06-30,30.58,34.36,44.66
2016-07-01,30.81,34.69,45.17
2016-07-05,30.21,33.95,44.39
2016-07-06,30.07,33.86,44.01
2016-07-07,30.02,33.77,44.1
2016-07-08,30.67,34.5,44.82
2016-07-11,31.09,34.83,45.21
2016-07-12,31.44,35.32,45.75
2016-07-13,31.37,35.26,45.69
2016-07-14,31.82,35.77,46.38
2016-07-15,31.65,35.69,46.46
2016-07-18,31.95,36.01,46.84
2016-07-19,31.63,35.64,46.41
2016-07-20,31.9,35.82,46.8
2016-07-21,31.8,35.71,46.64
2016-07-22,31.99,35.97,46.97
2016-07-25,31.78,35.61,46.59
2016-07-26,32.0,35.89,47.17
2016-07-27,32.06,36.01,47.23
2016-07-28,31.92,36.02,47.09
2016-07-29,32.05,36.21,47.18
2016-08-01,31.85,36.14,47.39
2016-08-02,31.67,35.88,47.0
2016-08-03,31.86,36.0,46.84
2016-08-04,32.08,36.2,46.89
2016-08-05,32.53,36.62,47.65
2016-08-08,32.67,36.88,47.9
2016-08-09,32.83,37.13,48.22
2016-08-10,32.65,37.14,48.05
2016-08-11,33.3,37.62,48.52
2016-08-12,33.36,37.48,48.1
2016-08-15,33.83,37.87,48.69
2016-08-16,33.67,37.7,48.43
2016-08-17,33.59,37.46,48.27
2016-08-18,33.75,37.81,48.96
2016-08-19,33.74,37.6,48.61
2016-08-22,33.33,37.1,48.31
2016-08-23,33.32,36.95,48.55
2016-08-24,33.23,37.05,48.31
2016-08-25,33.27,37.08,48.56
2016-08-26,33.04,36.76,48.2
2016-08-29,33.43,37.04,48.57
2016-08-30,33.57,36.94,48.72
2016-08-31,33.35,36.53,48.29
2016-09-01,33.55,36.81,48.42
2016-09-02,34.1,37.41,49.07
2016-09-06,34.85,38.21,50.32
2016-09-07,34.79,38.09,50.37
2016-09-08,34.92,37.99,50.42
2016-09-09,33.99,36.71,49.1
2016-09-12,34.16,36.96,49.09
2016-09-13,33.29,36.03,48.0
2016-09-14,33.38,36.14,48.26
2016-09-15,33.96,36.76,48.98
2016-09-16,33.72,36.51,48.72
2016-09-19,33.75,36.8,49.06
2016-09-20,33.9,36.82,49.35
2016-09-21,34.74,37.85,50.31
2016-09-22,34.99,38.12,50.5
2016-09-23,34.5,37.63,49.82
2016-09-26,33.99,37.08,49.22
2016-09-27,34.36,37.61,49.9
2016-09-28,34.7,37.95,50.38
2016-09-29,34.09,37.29,49.82
2016-09-30,34.26,37.45,50.1
2016-10-03,34.5,37.71,50.21
2016-10-04,34.36,37.29,49.74
2016-10-05,34.9,37.83,50.44
2016-10-06,34.9,37.86,50.78
2016-10-07,34.79,37.69,50.58
2016-10-10,35.25,38.1,50.95
2016-10-11,34.51,37.22,49.3
2016-10-12,34.45,37.15,49.39
2016-10-13,34.15,36.82,48.95
2016-10-14,34.2,36.88,49.07
2016-10-17,34.07,36.84,48.94
2016-10-18,34.68,37.49,49.63
2016-10-19,34.7,37.72,49.86
2016-10-20,34.74,37.61,49.77
2016-10-21,34.74,37.6,49.69
2016-10-24,34.95,37.76,49.92
2016-10-25,34.88,37.8,50.0
2016-10-26,34.49,37.4,49.48
2016-10-27,34.29,37.08,48.99
2016-10-28,34.05,36.93,48.87
2016-10-31,34.13,37.14,49.03
2016-11-01,33.95,36.84,49.03
2016-11-02,33.39,36.4,48.54
2016-11-03,33.31,36.3,48.35
2016-11-04,32.92,35.93,47.99
2016-11-07,34.02,37.23,49.17
2016-11-08,34.12,37.47,49.4
2016-11-09,33.59,36.26,48.08
2016-11-10,32.65,35.22,47.31
2016-11-11,32.03,34.55,46.9
2016-11-14,31.7,34.3,46.47
2016-11-15,32.27,34.99,47.08
2016-11-16,32.02,34.7,46.71
2016-11-17,32.02,34.75,46.86
2016-11-18,32.04,34.59,46.89
2016-11-21,32.28,34.93,47.15
2016-11-22,32.66,35.46,47.92
2016-11-23,32.43,35.08,47.67
2016-11-25,32.61,35.25,47.87
2016-11-28,32.86,35.39,48.03
2016-11-29,32.85,35.44,48.13
2016-11-30,33.02,35.5,48.37
2016-12-01,32.48,35.08,48.23
2016-12-02,32.41,35.12,47.99
2016-12-05,32.55,35.41,48.13
2016-12-06,32.68,35.6,48.28
2016-12-07,33.09,36.2,48.94
2016-12-08,33.23,36.36,48.9
2016-12-09,33.09,36.17,48.61
2016-12-12,32.64,35.93,48.02
2016-12-13,33.06,36.33,48.52
2016-12-14,32.12,35.25,47.59
2016-12-15,32.17,35.31,47.54
2016-12-16,31.94,35.15,47.3
2016-12-19,31.72,34.91,47.05
2016-12-20,31.77,35.03,47.15
2016-12-21,31.36,34.49,46.97
2016-12-22,31.0,34.08,45.65
2016-12-23,31.11,34.28,45.67
2016-12-27,31.42,34.43,45.74
2016-12-28,31.57,34.69,45.87
2016-12-29,31.99,35.26,46.34
2016-12-30,31.88,35.01,46.24
2017-01-03,32.3,35.43,46.79
2017-01-04,32.74,35.7,47.04
2017-01-05,33.22,36.09,47.62
2017-01-06,32.89,35.94,47.42
2017-01-09,32.89,35.91,47.55
2017-01-10,33.35,36.12,48.09
2017-01-11,33.67,36.55,48.66
2017-01-12,33.76,36.71,48.73
2017-01-13,33.55,36.68,48.72
2017-01-17,33.5,36.66,48.64
2017-01-18,33.61,36.46,48.53
2017-01-19,33.5,36.35,48.52
2017-01-20,33.53,36.42,48.52
2017-01-23,33.86,36.96,49.0
2017-01-24,34.09,37.19,49.14
2017-01-25,34.41,37.6,49.63
2017-01-26,34.4,37.44,49.7
2017-01-27,34.49,37.47,49.68
2017-01-30,34.27,37.27,49.58
2017-01-31,34.21,37.34,49.81
2017-02-01,34.44,37.36,49.85
2017-02-02,34.53,37.52,49.81
2017-02-03,34.77,37.75,49.97
2017-02-06,34.76,37.66,50.02
2017-02-07,34.76,37.47,49.76
2017-02-08,35.16,37.7,49.94
2017-02-09,35.31,37.87,50.05
2017-02-10,35.54,38.22,50.23
2017-02-13,35.73,38.34,50.43
2017-02-14,35.72,38.38,50.36
2017-02-15,36.05,38.69,50.98
2017-02-16,36.0,38.55,50.92
2017-02-17,35.81,38.39,50.9
2017-02-21,36.26,38.81,51.4
2017-02-22,36.41,38.93,51.52
2017-02-23,36.28,38.94,51.55
2017-02-24,35.76,38.48,51.15
2017-02-27,35.69,38.36,50.93
2017-02-28,35.41,37.99,50.81
2017-03-01,35.98,38.58,51.17
2017-03-02,35.18,37.9,50.45
2017-03-03,35.6,38.19,50.52
2017-03-06,35.49,38.21,50.51
2017-03-07,35.44,38.25,50.65
2017-03-08,35.19,37.89,50.62
2017-03-09,34.93,37.59,50.13
2017-03-10,35.25,38.01,50.7
2017-03-13,35.88,38.54,51.26
2017-03-14,35.59,38.32,51.14
2017-03-15,36.26,39.32,52.2
2017-03-16,36.48,39.56,52.59
2017-03-17,36.44,39.49,52.65
2017-03-20,36.81,39.99,53.39
2017-03-21,36.18,39.51,52.95
2017-03-22,36.35,39.7,53.22
2017-03-23,36.35,39.71,52.99
2017-03-24,36.4,39.81,53.02
2017-03-27,36.33,39.7,53.1
2017-03-28,36.46,39.81,53.24
2017-03-29,36.67,39.88,53.18
2017-03-30,36.48,39.67,53.0
2017-03-31,36.32,39.39,52.51
2017-04-03,36.65,39.61,53.11
2017-04-04,36.62,39.63,53.0
2017-04-05,36.57,39.51,53.02
2017-04-06,36.47,39.44,52.78
2017-04-07,36.47,39.37,52.6
2017-04-10,36.33,39.21,52.4
2017-04-11,36.17,39.12,52.07
2017-04-12,36.17,39.31,52.41
2017-04-13,35.98,39.14,52.45
2017-04-17,36.43,39.55,52.59
2017-04-18,35.91,39.05,51.73
2017-04-19,35.69,38.81,51.36
2017-04-20,36.18,39.29,52.06
2017-04-21,36.1,39.29,52.17
2017-04-24,36.6,39.85,52.58
2017-04-25,36.99,40.2,53.37
2017-04-26,36.86,40.05,53.34
2017-04-27,36.79,40.0,53.6
2017-04-28,36.85,40.06,53.75
2017-05-01,37.01,40.29,53.96
2017-05-02,37.12,40.58,54.49
2017-05-03,36.8,40.31,54.32
2017-05-04,36.33,39.86,54.07
2017-05-05,36.51,40.19,54.29
2017-05-08,36.49,40.18,54.65
2017-05-09,36.84,40.69,55.12
2017-05-10,37.4,40.96,55.07
2017-05-11,37.39,41.05,55.35
2017-05-12,37.65,41.22,55.62
2017-05-15,37.98,41.64,56.18
2017-05-16,38.21,41.68,55.96
2017-05-17,37.51,40.97,55.21
2017-05-18,36.45,40.29,55.43
2017-05-19,37.11,41.15,55.88
2017-05-22,37.17,41.19,56.33
2017-05-23,37.1,41.23,56.18
2017-05-24,37.18,41.39,56.19
2017-05-25,37.47,41.59,56.74
2017-05-26,37.65,41.74,56.8
2017-05-30,37.69,41.52,56.44
2017-05-31,37.35,41.2,56.08
2017-06-01,37.65,41.55,56.71
2017-06-02,37.63,41.76,57.21
2017-06-05,37.52,41.71,57.12
2017-06-06,37.71,41.73,57.31
2017-06-07,37.74,41.68,56.98
2017-06-08,38.18,41.93,57.26
2017-06-09,37.72,41.61,56.94
2017-06-12,37.45,41.39,56.54
2017-06-13,37.54,41.59,56.93
2017-06-14,37.42,41.58,56.96
2017-06-15,37.02,41.15,56.48
2017-06-16,37.15,41.22,56.63
2017-06-19,37.64,41.63,57.44
2017-06-20,37.08,40.98,57.03
2017-06-21,37.16,41.07,56.95
2017-06-22,37.34,41.28,57.38
2017-06-23,37.41,41.5,57.41
2017-06-26,37.76,41.9,58.01
2017-06-27,37.32,41.41,57.56
2017-06-28,37.67,41.73,57.65
2017-06-29,37.21,41.2,57.12
2017-06-30,37.45,41.39,57.17
2017-07-03,37.66,41.63,57.22
2017-07-05,37.69,41.55,56.9
2017-07-06,37.31,41.05,56.26
2017-07-07,37.36,41.13,56.59
2017-07-10,37.73,41.52,56.98
2017-07-11,38.27,41.86,57.72
2017-07-12,39.0,42.67,58.74
2017-07-13,39.13,42.88,59.01
2017-07-14,39.61,43.42,59.58
2017-07-17,39.35,43.22,59.22
2017-07-18,39.51,43.35,59.52
2017-07-19,39.93,43.71,60.01
2017-07-20,39.84,43.66,59.98
2017-07-21,39.72,43.63,60.01
2017-07-24,39.99,43.76,60.28
2017-07-25,40.0,43.65,60.13
2017-07-26,40.24,44.01,60.4
2017-07-27,40.07,43.77,60.38
2017-07-28,40.32,43.75,59.88
2017-07-31,40.57,43.8,60.2
2017-08-01,40.86,43.93,60.7
2017-08-02,40.81,43.97,60.69
2017-08-03,40.7,43.79,60.4
2017-08-04,40.84,43.95,60.43
2017-08-07,41.23,44.25,60.79
2017-08-08,41.37,44.26,61.07
2017-08-09,41.1,43.86,60.32
2017-08-10,39.94,42.82,58.84
2017-08-11,39.93,42.92,58.78
2017-08-14,40.42,43.36,59.57
2017-08-15,40.4,43.41,59.4
2017-08-16,41.03,43.86,60.25
2017-08-17,40.47,43.3,59.27
2017-08-18,40.71,43.67,59.49
2017-08-21,40.92,43.83,59.7
2017-08-22,41.48,44.32,60.43
2017-08-23,41.88,44.53,60.57
2017-08-24,41.94,44.67,60.8
2017-08-25,42.12,44.93,61.21
2017-08-28,41.99,44.77,60.86
2017-08-29,41.86,44.69,60.68
2017-08-30,42.11,44.76,61.01
2017-08-31,42.36,44.83,61.03
2017-09-01,42.64,45.16,61.13
2017-09-05,42.26,44.57,60.25
2017-09-06,42.53,44.86,60.55
2017-09-07,42.8,45.19,60.8
2017-09-08,42.6,44.89,60.74
2017-09-11,43.27,45.49,61.73
2017-09-12,43.35,45.44,61.55
2017-09-13,43.32,45.2,61.1
2017-09-14,43.38,45.32,61.17
2017-09-15,43.61,45.59,61.65
2017-09-18,43.87,45.75,62.33
2017-09-19,43.97,45.85,62.22
2017-09-20,43.91,45.64,62.0
2017-09-21,43.79,45.64,62.27
2017-09-22,43.46,45.38,61.81
2017-09-25,42.43,44.61,61.04
2017-09-26,42.44,44.49,60.89
2017-09-27,42.46,44.33,60.89
2017-09-28,42.34,44.3,60.69
2017-09-29,42.89,44.81,61.37
2017-10-02,42.95,44.82,61.66
2017-10-03,43.92,45.53,62.42
2017-10-04,43.93,45.52,62.35
2017-10-05,44.32,45.86,63.21
2017-10-06,44.07,45.63,62.79
2017-10-09,43.9,45.6,62.7
2017-10-10,44.35,46.05,63.29
2017-10-11,44.37,46.26,63.74
2017-10-12,44.24,46.24,63.79
2017-10-13,44.6,46.66,64.02
2017-10-16,44.79,46.63,64.17
2017-10-17,44.39,46.39,64.06
2017-10-18,44.62,46.5,64.35
2017-10-19,44.03,46.09,63.57
2017-10-20,44.29,46.26,63.76
2017-10-23,43.82,45.89,63.48
2017-10-24,43.98,45.89,63.45
2017-10-25,43.85,45.79,63.43
2017-10-26,43.58,45.48,63.29
2017-10-27,44.16,46.14,64.42
2017-10-30,43.67,45.85,64.1
2017-10-31,44.02,46.28,64.68
2017-11-01,44.31,46.52,65.48
2017-11-02,44.35,46.58,65.57
2017-11-03,44.16,46.34,65.4
2017-11-06,44.87,46.86,65.7
2017-11-07,44.55,46.56,65.77
2017-11-08,44.97,46.78,66.15
2017-11-09,44.62,46.49,65.68
2017-11-10,44.7,46.29,65.78
2017-11-13,44.61,46.19,66.06
2017-11-14,43.94,45.88,65.63
2017-11-15,43.66,45.64,65.5
2017-11-16,44.6,46.59,66.45
2017-11-17,44.88,46.82,66.57
2017-11-20,45.2,47.06,66.98
2017-11-21,45.89,47.69,68.18
2017-11-22,46.09,47.81,68.3
2017-11-24,45.83,47.71,68.14
2017-11-27,45.34,47.01,66.86
2017-11-28,45.64,47.36,67.36
2017-11-29,44.69,46.61,66.39
2017-11-30,44.2,46.1,65.63
2017-12-01,43.57,45.84,65.12
2017-12-04,43.61,45.93,65.0
2017-12-05,43.37,45.9,64.76
2017-12-06,42.93,45.28,63.61
2017-12-07,43.16,45.41,63.93
2017-12-08,43.74,45.94,64.84
2017-12-11,44.16,46.17,65.27
2017-12-12,43.92,45.86,64.84
2017-12-13,44.24,46.41,65.7
2017-12-14,43.87,46.07,65.09
2017-12-15,43.78,46.17,64.91
2017-12-18,44.15,46.69,65.45
2017-12-19,43.52,45.75,65.28
2017-12-20,43.53,45.81,65.4
2017-12-21,44.26,46.11,64.76
2017-12-22,44.49,46.5,65.3
2017-12-26,44.39,46.46,64.94
2017-12-27,44.21,46.58,65.21
2017-12-28,44.5,46.9,65.85
2017-12-29,44.49,47.12,66.04
2018-01-02,45.84,48.01,67.49
2018-01-03,46.23,48.47,68.2
2018-01-04,46.68,48.71,68.46
2018-01-05,47.06,49.13,68.92
2018-01-08,47.28,49.13,68.94
2018-01-09,47.48,49.05,68.81
2018-01-10,47.19,48.74,68.14
2018-01-11,47.56,49.04,68.4
2018-01-12,48.01,49.51,69.34
2018-01-16,47.55,49.32,69.57
2018-01-17,48.44,49.97,70.36
2018-01-18,48.37,50.03,70.44
2018-01-19,48.97,50.44,71.03
2018-01-22,49.46,50.73,71.35
2018-01-23,49.59,50.97,72.02
2018-01-24,50.24,51.4,72.07
2018-01-25,50.06,51.37,71.74
2018-01-26,50.87,52.08,72.96
2018-01-29,50.1,51.29,72.09
2018-01-30,49.52,50.59,70.99
2018-01-31,50.03,51.03,71.79
2018-02-01,49.01,50.34,71.0
2018-02-02,47.82,49.05,69.1
2018-02-05,46.31,47.33,66.73
2018-02-06,47.37,48.87,68.4
2018-02-07,45.93,47.33,66.06
2018-02-08,44.35,45.69,63.95
2018-02-09,44.65,46.42,64.86
2018-02-12,45.49,47.15,65.81
2018-02-13,45.93,47.51,66.54
2018-02-14,47.17,48.7,68.37
2018-02-15,47.85,49.7,69.88
2018-02-16,47.69,49.54,70.06
2018-02-20,47.39,48.86,68.29
2018-02-21,47.52,48.82,68.5
2018-02-22,47.6,48.85,68.19
2018-02-23,48.43,49.72,69.39
2018-02-26,48.9,50.18,69.99
2018-02-27,47.38,48.72,68.14
2018-02-28,46.56,48.02,67.03
2018-03-01,46.61,47.93,67.17
2018-03-02,46.61,48.13,67.41
2018-03-05,46.77,48.2,67.12
2018-03-06,47.0,48.65,68.26
2018-03-07,46.88,48.7,68.21
2018-03-08,47.05,48.71,68.62
2018-03-09,48.01,49.75,70.1
2018-03-12,48.19,49.87,70.35
2018-03-13,47.61,49.42,70.11
2018-03-14,47.87,49.5,70.43
2018-03-15,47.87,49.32,70.65
2018-03-16,47.94,49.21,70.55
2018-03-19,47.16,48.68,69.77
2018-03-20,47.89,49.22,70.76
2018-03-21,47.82,49.51,70.32
2018-03-22,46.05,47.86,67.52
2018-03-23,45.36,46.89,66.04
2018-03-26,46.66,48.41,68.57
2018-03-27,45.86,47.53,67.37
2018-03-28,45.36,47.29,66.94
2018-03-29,46.22,48.28,68.27
2018-04-02,45.34,47.41,66.55
2018-04-03,45.66,47.88,67.69
2018-04-04,45.79,47.9,67.26
2018-04-05,46.01,48.02,67.71
2018-04-06,45.06,47.08,66.12
2018-04-09,44.94,47.13,66.95
2018-04-10,45.85,48.05,68.14
2018-04-11,46.01,48.07,68.37
2018-04-12,46.07,48.05,68.48
2018-04-13,45.36,47.57,67.92
2018-04-16,45.04,47.63,67.69
2018-04-17,45.3,47.73,67.6
2018-04-18,45.68,48.14,68.16
2018-04-19,45.47,47.86,68.03
2018-04-20,44.98,47.26,67.1
2018-04-23,44.75,46.88,66.76
2018-04-24,44.77,46.66,66.45
2018-04-25,44.39,46.3,66.29
2018-04-26,44.95,46.97,67.02
2018-04-27,45.15,47.26,67.44
2018-04-30,44.99,46.92,67.27
2018-05-01,44.87,46.69,67.11
2018-05-02,44.67,46.32,66.62
2018-05-03,44.44,46.22,66.55
2018-05-04,44.71,46.43,66.68
2018-05-07,44.62,46.16,66.04
2018-05-08,44.99,46.42,66.65
2018-05-09,45.22,46.51,66.75
2018-05-10,46.07,47.48,68.02
2018-05-11,45.92,47.4,68.39
2018-05-14,46.03,47.46,68.23
2018-05-15,45.27,46.48,66.68
2018-05-16,45.97,47.18,67.84
2018-05-17,45.3,46.46,67.08
2018-05-18,44.94,46.07,66.85
2018-05-21,45.13,46.35,67.65
2018-05-22,45.16,46.51,67.59
2018-05-23,44.95,46.49,67.7
2018-05-24,44.79,46.24,67.1
2018-05-25,44.81,46.43,67.47
2018-05-29,43.91,45.35,66.15
2018-05-30,44.24,45.71,66.23
2018-05-31,44.5,45.69,66.42
2018-06-01,44.95,46.33,67.11
2018-06-04,45.46,46.8,67.87
2018-06-05,45.29,46.44,67.9
2018-06-06,45.78,47.14,69.15
2018-06-07,45.14,46.42,68.57
2018-06-08,45.16,46.33,68.01
2018-06-11,45.2,46.33,67.99
2018-06-12,45.28,46.21,67.46
2018-06-13,44.82,45.9,66.81
2018-06-14,44.67,45.59,66.35
2018-06-15,44.43,45.23,65.82
2018-06-18,44.03,44.68,64.93
2018-06-19,43.33,43.9,63.84
2018-06-20,43.38,44.09,63.96
2018-06-21,42.69,43.47,62.95
2018-06-22,43.28,43.92,63.46
2018-06-25,42.27,43.33,62.42
2018-06-26,42.15,43.16,62.42
2018-06-27,41.02,42.33,61.45
2018-06-28,41.4,42.69,61.89
2018-06-29,42.08,43.33,62.79
2018-07-02,41.61,42.9,61.88
2018-07-03,41.62,42.93,61.75
2018-07-05,41.46,42.82,61.69
2018-07-06,42.12,43.41,62.05
2018-07-09,42.84,44.19,63.23
2018-07-10,42.65,44.09,62.9
2018-07-11,41.86,43.23,61.65
2018-07-12,42.59,43.82,62.31
2018-07-13,42.63,43.85,62.55
2018-07-16,42.34,43.61,62.35
2018-07-17,42.6,43.93,62.53
2018-07-18,42.39,43.88,62.41
2018-07-19,41.75,43.34,61.95
2018-07-20,42.32,43.96,63.04
2018-07-23,42.18,43.67,62.31
2018-07-24,42.92,44.31,63.2
2018-07-25,43.66,45.03,64.12
2018-07-26,43.05,44.53,63.35
2018-07-27,43.05,44.69,63.44
2018-07-30,42.85,44.62,63.21
2018-07-31,42.94,44.86,63.58
2018-08-01,42.4,44.46,62.94
2018-08-02,41.96,43.87,61.84
2018-08-03,42.2,44.21,62.16
2018-08-06,41.88,43.87,62.08
2018-08-07,42.21,44.32,63.16
2018-08-08,41.99,44.26,63.31
2018-08-09,42.16,44.13,63.5
2018-08-10,41.53,43.19,62.32
2018-08-13,41.1,42.48,61.55
2018-08-14,40.98,42.74,61.69
2018-08-15,39.7,41.51,59.92
2018-08-16,40.03,41.77,60.38
2018-08-17,40.4,42.21,61.06
2018-08-20,40.64,42.4,61.27
2018-08-21,40.92,42.94,62.08
2018-08-22,41.12,43.28,62.62
2018-08-23,40.36,42.58,61.66
2018-08-24,40.99,43.37,62.67
2018-08-27,41.78,43.99,63.52
2018-08-28,41.42,43.83,63.56
2018-08-29,41.77,44.1,64.07
2018-08-30,40.62,42.95,62.63
2018-08-31,40.89,43.17,62.89
2018-09-04,40.06,42.33,62.36
2018-09-05,39.47,41.72,61.13
2018-09-06,39.41,41.76,60.83
2018-09-07,39.31,41.55,60.3
2018-09-10,38.73,41.14,59.76
2018-09-11,38.53,41.23,59.78
2018-09-12,38.88,41.44,59.88
2018-09-13,39.53,42.0,60.97
2018-09-14,39.37,41.96,61.08
2018-09-17,39.06,41.58,60.5
2018-09-18,39.5,41.98,61.19
2018-09-19,40.11,42.56,61.91
2018-09-20,40.54,43.03,62.45
2018-09-21,40.71,43.23,62.79
2018-09-24,40.02,42.74,62.42
2018-09-25,40.31,42.91,62.71
2018-09-26,40.47,43.0,62.82
2018-09-27,40.65,43.21,63.07
2018-09-28,40.35,42.92,62.53
2018-10-01,40.37,42.93,62.73
2018-10-02,39.92,42.39,61.36
2018-10-03,39.85,42.04,60.75
2018-10-04,38.91,40.99,59.3
2018-10-05,38.77,40.84,59.15
2018-10-08,38.94,40.9,58.94
2018-10-09,38.69,40.75,58.56
2018-10-10,37.55,39.54,56.82
2018-10-11,37.5,39.14,55.91
2018-10-12,38.6,40.29,57.53
2018-10-15,38.06,39.86,56.75
2018-10-16,38.92,40.86,57.85
2018-10-17,38.45,40.36,57.26
2018-10-18,37.37,39.3,55.86
2018-10-19,37.72,39.67,56.81
2018-10-22,38.51,40.1,57.44
2018-10-23,38.14,39.66,56.49
2018-10-24,36.91,38.38,54.53
2018-10-25,37.61,39.12,55.11
2018-10-26,37.39,38.67,54.22
2018-10-29,36.5,38.0,53.63
2018-10-30,37.19,38.74,54.45
2018-10-31,37.8,39.16,55.05
2018-11-01,39.3,40.56,57.01
2018-11-02,39.65,40.82,57.75
2018-11-05,39.46,40.93,57.51
2018-11-06,39.28,40.86,57.47
2018-11-07,40.1,41.63,58.57
2018-11-08,38.96,40.55,57.15
2018-11-09,38.26,39.8,56.02
2018-11-12,37.76,39.24,55.33
2018-11-13,38.34,39.69,56.2
2018-11-14,38.83,39.93,56.34
2018-11-15,39.61,40.82,57.62
2018-11-16,39.84,40.9,57.46
2018-11-19,39.19,40.35,56.37
2018-11-20,38.3,39.48,55.26
2018-11-21,39.09,40.21,56.14
2018-11-23,38.75,39.74,55.7
2018-11-26,38.93,40.23,57.24
2018-11-27,39.32,40.51,57.34
2018-11-28,40.29,41.48,58.95
2018-11-29,39.92,41.12,57.98
2018-11-30,40.25,41.08,57.82
2018-12-03,40.79,41.91,59.53
2018-12-04,40.08,41.02,58.17
2018-12-06,39.71,40.64,57.2
2018-12-07,38.88,39.88,56.38
2018-12-10,38.39,39.46,56.27
2018-12-11,38.71,39.76,56.48
2018-12-12,39.28,40.41,57.26
2018-12-13,39.44,40.4,57.15
2018-12-14,38.97,39.83,56.32
2018-12-17,38.47,39.46,55.86
2018-12-18,37.92,39.14,55.21
2018-12-19,37.25,38.49,54.28
2018-12-20,37.38,38.79,54.7
2018-12-21,36.98,38.52,54.56
2018-12-24,36.63,38.16,54.11
2018-12-26,37.49,38.92,55.19
2018-12-27,37.39,38.87,55.16
2018-12-28,37.58,39.24,55.32
2018-12-31,37.51,39.06,55.3
2019-01-02,37.73,39.16,54.82
2019-01-03,37.06,38.45,53.23
2019-01-04,38.41,39.69,55.11
2019-01-07,38.45,39.78,55.45
2019-01-08,38.74,39.93,55.3
2019-01-09,39.35,40.64,56.69
2019-01-10,39.53,40.93,57.2
2019-01-11,39.34,40.73,56.92
2019-01-14,38.97,40.39,56.19
2019-01-15,39.28,40.67,56.82
2019-01-16,39.81,41.17,57.45
2019-01-17,39.97,41.35,57.87
2019-01-18,40.34,41.55,58.38
2019-01-22,39.39,40.83,57.26
2019-01-23,39.85,41.25,57.53
2019-01-24,40.21,41.65,58.34
2019-01-25,40.65,42.2,59.57
2019-01-28,40.14,41.76,59.11
2019-01-29,40.55,41.83,59.13
2019-01-30,41.34,42.74,60.33
2019-01-31,41.86,43.1,60.64
2019-02-01,41.64,42.76,60.14
2019-02-04,41.76,42.83,60.45
2019-02-05,42.28,43.42,61.31
2019-02-06,41.62,42.83,60.68
2019-02-07,41.25,42.4,59.91
2019-02-08,41.2,42.16,59.65
2019-02-11,41.18,42.02,59.78
2019-02-12,41.51,42.37,60.2
2019-02-13,41.45,42.07,60.25
2019-02-14,41.47,42.15,60.25
2019-02-15,41.26,42.09,59.89
2019-02-19,41.46,42.42,60.51
2019-02-20,41.72,42.66,60.96
2019-02-21,41.57,42.57,60.77
2019-02-22,42.24,43.04,61.5
2019-02-25,42.77,43.52,62.05
2019-02-26,42.64,43.37,61.7
2019-02-27,42.28,43.0,61.25
2019-02-28,41.97,42.44,60.57
2019-03-01,42.07,42.49,60.79
2019-03-04,42.29,42.55,60.8
2019-03-05,43.0,42.97,61.29
2019-03-06,42.59,42.73,60.79
2019-03-07,41.77,41.94,59.99
2019-03-08,41.31,41.64,59.34
2019-03-11,42.56,42.42,60.4
2019-03-12,42.96,42.64,60.9
2019-03-13,42.9,42.69,60.76
2019-03-14,42.67,42.46,60.46
2019-03-15,43.23,43.08,61.22
2019-03-18,43.85,43.56,61.66
2019-03-19,43.87,43.58,61.59
2019-03-20,43.84,43.65,61.58
2019-03-21,43.62,43.71,61.98
2019-03-22,42.26,42.43,60.59
2019-03-25,42.41,42.53,60.56
2019-03-26,42.58,42.66,60.6
2019-03-27,42.13,42.2,60.41
2019-03-28,42.59,42.48,60.66
2019-03-29,43.11,42.92,61.14
2019-04-01,43.71,43.63,62.22
2019-04-02,43.62,43.49,62.4
2019-04-03,43.69,43.79,63.2
2019-04-04,43.86,44.06,63.44
2019-04-05,44.24,44.4,63.88
2019-04-08,44.24,44.4,63.49
2019-04-09,44.21,44.31,63.43
2019-04-10,44.29,44.52,63.8
2019-04-11,43.8,44.04,63.2
2019-04-12,44.08,44.36,63.79
2019-04-15,43.63,44.13,63.36
2019-04-16,44.01,44.46,64.05
2019-04-17,44.02,44.59,64.26
2019-04-18,44.11,44.56,64.1
2019-04-22,43.76,44.27,63.52
2019-04-23,43.96,44.37,63.76
2019-04-24,43.41,43.77,63.02
2019-04-25,43.32,43.71,62.7
2019-04-26,43.57,43.88,62.93
2019-04-29,43.65,43.97,63.46
2019-04-30,43.61,43.93,63.18
2019-05-01,43.38,43.6,62.9
2019-05-02,43.41,43.7,63.2
2019-05-03,44.0,44.22,63.92
2019-05-06,42.98,43.31,62.5
2019-05-07,41.95,42.46,61.41
2019-05-08,41.98,42.4,61.46
2019-05-09,41.39,41.73,60.18
2019-05-10,41.61,41.98,60.7
2019-05-13,40.22,40.58,58.56
2019-05-14,40.91,41.15,59.18
2019-05-15,40.97,41.23,59.43
2019-05-16,41.04,41.03,59.32
2019-05-17,40.22,40.29,58.18
2019-05-20,39.96,40.12,57.69
2019-05-21,40.44,40.63,58.29
2019-05-22,40.26,40.43,58.15
2019-05-23,39.7,39.91,57.34
2019-05-24,39.71,39.95,57.15
2019-05-28,39.99,40.09,57.11
2019-05-29,40.15,40.35,57.16
2019-05-30,40.22,40.57,57.17
2019-05-31,40.25,40.71,57.05
2019-06-03,40.64,41.08,57.78
2019-06-04,40.63,41.17,57.74
2019-06-05,40.24,40.84,57.43
2019-06-06,40.3,40.86,57.45
2019-06-07,40.7,41.18,58.0
2019-06-10,41.09,41.61,58.71
2019-06-11,41.64,42.08,59.08
2019-06-12,41.1,41.63,58.13
2019-06-13,41.14,41.56,58.01
2019-06-14,40.72,41.1,57.49
2019-06-17,40.5,40.95,57.54
2019-06-18,41.56,41.94,59.2
2019-06-19,41.81,42.29,60.01
2019-06-20,42.53,42.91,60.86
2019-06-21,42.3,42.77,60.75
2019-06-24,42.36,42.71,60.74
2019-06-25,41.82,42.27,60.05
2019-06-26,42.3,42.67,60.62
2019-06-27,42.57,42.97,61.25
2019-06-28,42.44,42.91,61.26
2019-07-01,43.15,43.42,62.12
2019-07-02,43.08,43.31,61.82
2019-07-03,43.03,43.23,61.61
2019-07-05,42.88,42.93,60.96
2019-07-08,42.47,42.67,60.22
2019-07-09,42.44,42.54,60.29
2019-07-10,42.66,42.9,60.72
2019-07-11,42.59,42.82,60.8
2019-07-12,42.55,42.85,61.08
2019-07-15,42.73,43.01,61.25
2019-07-16,42.72,42.95,61.08
2019-07-17,42.75,42.82,60.84
2019-07-18,42.82,43.08,61.31
2019-07-19,42.6,42.86,61.59
2019-07-22,42.51,42.87,61.42
2019-07-23,42.69,42.92,61.64
2019-07-24,42.81,42.99,61.66
2019-07-25,42.5,42.61,61.31
2019-07-26,42.73,42.7,61.35
2019-07-29,42.51,42.62,60.95
2019-07-30,42.14,42.29,60.7
2019-07-31,41.7,41.77,59.69
2019-08-01,40.82,40.95,58.54
2019-08-02,40.37,40.55,57.89
2019-08-05,38.81,39.05,55.4
2019-08-06,39.33,39.61,56.18
2019-08-07,39.55,39.79,56.59
2019-08-08,40.19,40.28,57.15
2019-08-09,39.8,39.87,56.4
2019-08-12,39.34,39.39,55.6
2019-08-13,39.86,39.89,56.23
2019-08-14,38.66,38.74,54.7
2019-08-15,39.09,39.0,55.32
2019-08-16,39.61,39.54,56.18
2019-08-19,39.92,39.7,56.83
2019-08-20,39.94,39.78,56.84
2019-08-21,40.21,40.16,57.22
2019-08-22,39.73,39.64,56.45
2019-08-23,39.03,39.05,55.55
2019-08-26,39.22,39.26,55.96
2019-08-27,39.42,39.33,56.1
2019-08-28,39.37,39.44,56.15
2019-08-29,39.81,39.88,56.55
2019-08-30,40.03,40.19,56.59
2019-09-03,39.7,39.94,56.32
2019-09-04,40.37,40.61,57.93
2019-09-05,40.93,41.07,58.51
2019-09-06,41.1,41.25,58.9
2019-09-09,41.2,41.38,59.16
2019-09-10,41.02,41.41,59.3
2019-09-11,41.45,41.7,59.81
2019-09-12,41.7,42.0,60.23
2019-09-13,41.89,42.24,60.59
2019-09-16,41.51,41.91,59.82
2019-09-17,41.54,41.91,59.75
2019-09-18,41.43,41.74,59.57
2019-09-19,41.1,41.57,59.42
2019-09-20,41.34,41.61,59.0
2019-09-23,41.32,41.65,59.14
2019-09-24,40.72,41.21,58.76
2019-09-25,40.91,41.18,58.72
2019-09-26,40.84,41.17,58.77
2019-09-27,40.26,40.64,58.02
2019-09-30,40.45,40.87,58.63
2019-10-01,40.09,40.58,58.4
2019-10-02,39.97,40.27,57.94
2019-10-03,40.44,40.79,58.71
2019-10-04,40.52,40.97,58.69
2019-10-07,40.1,40.63,58.49
2019-10-08,39.68,40.34,58.38
2019-10-09,40.14,40.65,58.63
2019-10-10,40.56,41.07,59.18
2019-10-11,41.26,41.73,60.11
2019-10-14,41.11,41.55,59.96
2019-10-15,41.43,41.92,60.59
2019-10-16,41.64,42.04,60.67
2019-10-17,41.66,42.2,60.88
2019-10-18,41.39,41.98,60.28
2019-10-21,41.73,42.36,60.91
2019-10-22,41.73,42.39,60.98
2019-10-23,41.76,42.4,60.79
2019-10-24,41.84,42.4,60.95
2019-10-25,42.23,42.7,61.12
2019-10-28,42.57,42.95,61.74
2019-10-29,42.35,42.73,61.13
2019-10-30,42.48,42.92,61.39
2019-10-31,42.35,42.58,61.15
2019-11-01,42.87,43.22,62.29
2019-11-04,43.33,43.65,63.26
2019-11-05,43.5,43.9,63.65
2019-11-06,43.38,43.76,63.65
2019-11-07,43.79,44.08,64.0
2019-11-08,43.29,43.68,63.34
2019-11-11,42.98,43.37,62.54
2019-11-12,42.61,43.09,62.43
2019-11-13,42.13,42.76,61.83
2019-11-14,42.09,42.79,61.82
2019-11-15,42.34,43.13,62.2
2019-11-18,42.2,43.06,62.54
2019-11-19,42.52,43.15,62.96
2019-11-20,42.28,42.96,62.4
2019-11-21,42.37,42.87,61.75
2019-11-22,42.42,42.87,61.97
2019-11-25,42.94,43.3,63.0
2019-11-26,42.89,43.17,62.88
2019-11-27,43.05,43.22,62.97
2019-11-29,42.42,42.54,61.55
2019-12-02,42.42,42.53,61.4
2019-12-03,42.18,42.31,61.04
2019-12-04,42.49,42.63,61.27
2019-12-05,42.78,42.82,61.6
2019-12-06,43.07,43.07,62.28
2019-12-09,42.99,42.9,61.99
2019-12-10,43.1,43.05,62.05
2019-12-11,43.6,43.68,63.01
2019-12-12,44.31,44.44,64.81
2019-12-13,44.28,44.42,65.11
2019-12-16,44.14,43.86,64.63
2019-12-17,44.56,44.26,65.6
2019-12-18,44.78,44.5,65.8
2019-12-19,44.77,44.52,65.4
2019-12-20,44.89,44.61,65.52
2019-12-23,44.99,44.67,65.42
2019-12-24,44.92,44.57,65.21
2019-12-26,45.28,44.89,65.67
2019-12-27,45.39,45.07,66.35
2019-12-30,45.24,44.77,65.77
2019-12-31,45.31,44.87,66.0
2020-01-02,46.5,45.78,67.46
2020-01-03,45.8,44.93,66.21
2020-01-06,45.58,44.82,66.23
2020-01-07,45.72,44.79,66.43
2020-01-08,45.98,45.05,66.83
2020-01-09,46.25,45.35,67.41
2020-01-10,46.38,45.59,67.99
2020-01-13,47.2,46.3,69.35
2020-01-14,46.81,46.04,68.94
2020-01-15,46.52,45.68,68.2
2020-01-16,46.7,45.97,68.83
2020-01-17,47.07,46.23,69.1
2020-01-21,45.6,45.06,67.09
2020-01-22,45.96,45.43,67.7
2020-01-23,45.76,44.96,67.15
2020-01-24,45.11,44.6,66.56
2020-01-27,43.64,43.06,64.19
2020-01-28,44.19,43.42,64.7
2020-01-29,44.44,43.63,65.08
2020-01-30,43.78,42.98,63.89
2020-01-31,42.96,42.11,62.15
2020-02-03,43.42,42.58,63.09
2020-02-04,44.69,43.68,65.06
2020-02-05,44.89,43.93,65.28
2020-02-06,44.94,43.97,65.75
2020-02-07,44.33,43.36,64.76
